"","RECORDING_SESSION_LABEL","TRIAL_INDEX","accuracy","cueing","gender","rt","AVERAGE_IN_BLINK","AVERAGE_IN_SACCADE","AVERAGE_PUPIL_SIZE","TIMESTAMP","IP_START_TIME","SAMPLE_MESSAGE","pupil","time","Blink_Index","Label"
"1","QEEG0012",9,1,"noncued","malevoice",2603,0,0,1955.5,3566832,3566832,NA,1955.5,0,NA,NA
"2","QEEG0012",9,1,"noncued","malevoice",2603,NA,NA,1955.5,3566836,3566832,NA,1955.5,4,NA,NA
"3","QEEG0012",9,1,"noncued","malevoice",2603,NA,NA,1952,3566840,3566832,NA,1952,8,NA,NA
"4","QEEG0012",9,1,"noncued","malevoice",2603,NA,NA,1950,3566844,3566832,NA,1950,12,NA,NA
"5","QEEG0012",9,1,"noncued","malevoice",2603,NA,NA,1951,3566848,3566832,NA,1951,16,NA,NA
"6","QEEG0012",9,1,"noncued","malevoice",2603,NA,NA,1953,3566852,3566832,NA,1953,20,NA,NA
"7","QEEG0012",9,1,"noncued","malevoice",2603,NA,NA,1955.5,3566856,3566832,NA,1955.5,24,NA,NA
"8","QEEG0012",9,1,"noncued","malevoice",2603,NA,NA,1956,3566860,3566832,NA,1956,28,NA,NA
"9","QEEG0012",9,1,"noncued","malevoice",2603,NA,NA,1956.5,3566864,3566832,NA,1956.5,32,NA,NA
"10","QEEG0012",9,1,"noncued","malevoice",2603,NA,NA,1959,3566868,3566832,NA,1959,36,NA,NA
"11","QEEG0012",9,1,"noncued","malevoice",2603,NA,1,1961,3566872,3566832,NA,1961,40,NA,NA
"12","QEEG0012",9,1,"noncued","malevoice",2603,NA,1,1962,3566876,3566832,NA,1962,44,NA,NA
"13","QEEG0012",9,1,"noncued","malevoice",2603,NA,1,1962.5,3566880,3566832,NA,1962.5,48,NA,NA
"14","QEEG0012",9,1,"noncued","malevoice",2603,NA,1,1962.5,3566884,3566832,NA,1962.5,52,NA,NA
"15","QEEG0012",9,1,"noncued","malevoice",2603,NA,1,1963.5,3566888,3566832,NA,1963.5,56,NA,NA
"16","QEEG0012",9,1,"noncued","malevoice",2603,NA,1,1964,3566892,3566832,NA,1964,60,NA,NA
"17","QEEG0012",9,1,"noncued","malevoice",2603,NA,1,1961.5,3566896,3566832,NA,1961.5,64,NA,NA
"18","QEEG0012",9,1,"noncued","malevoice",2603,NA,1,1961.5,3566900,3566832,NA,1961.5,68,NA,NA
"19","QEEG0012",9,1,"noncued","malevoice",2603,NA,1,1960.5,3566904,3566832,NA,1960.5,72,NA,NA
"20","QEEG0012",9,1,"noncued","malevoice",2603,NA,1,1960,3566908,3566832,NA,1960,76,NA,NA
"21","QEEG0012",9,1,"noncued","malevoice",2603,NA,1,1962.5,3566912,3566832,NA,1962.5,80,NA,NA
"22","QEEG0012",9,1,"noncued","malevoice",2603,NA,1,1964,3566916,3566832,NA,1964,84,NA,NA
"23","QEEG0012",9,1,"noncued","malevoice",2603,NA,1,1966,3566920,3566832,NA,1966,88,NA,NA
"24","QEEG0012",9,1,"noncued","malevoice",2603,NA,1,1968,3566924,3566832,NA,1968,92,NA,NA
"25","QEEG0012",9,1,"noncued","malevoice",2603,NA,1,1966.5,3566928,3566832,NA,1966.5,96,NA,NA
"26","QEEG0012",9,1,"noncued","malevoice",2603,NA,1,1964,3566932,3566832,NA,1964,100,NA,NA
"27","QEEG0012",9,1,"noncued","malevoice",2603,NA,1,1965.5,3566936,3566832,"SYNCTIME",1965.5,104,NA,NA
"28","QEEG0012",9,1,"noncued","malevoice",2603,NA,1,1969,3566940,3566832,"baseline",1969,108,NA,NA
"29","QEEG0012",9,1,"noncued","malevoice",2603,NA,1,1969.5,3566944,3566832,NA,1969.5,112,NA,NA
"30","QEEG0012",9,1,"noncued","malevoice",2603,NA,1,1968,3566948,3566832,NA,1968,116,NA,NA
"31","QEEG0012",9,1,"noncued","malevoice",2603,NA,1,1970.5,3566952,3566832,NA,1970.5,120,NA,NA
"32","QEEG0012",9,1,"noncued","malevoice",2603,NA,NA,1972,3566956,3566832,NA,1972,124,NA,NA
"33","QEEG0012",9,1,"noncued","malevoice",2603,NA,NA,1971.5,3566960,3566832,NA,1971.5,128,NA,NA
"34","QEEG0012",9,1,"noncued","malevoice",2603,NA,NA,1976,3566964,3566832,NA,1976,132,NA,NA
"35","QEEG0012",9,1,"noncued","malevoice",2603,NA,NA,1974.5,3566968,3566832,NA,1974.5,136,NA,NA
"36","QEEG0012",9,1,"noncued","malevoice",2603,NA,NA,1973,3566972,3566832,NA,1973,140,NA,NA
"37","QEEG0012",9,1,"noncued","malevoice",2603,NA,NA,1973.5,3566976,3566832,NA,1973.5,144,NA,NA
"38","QEEG0012",9,1,"noncued","malevoice",2603,NA,NA,1974.5,3566980,3566832,NA,1974.5,148,NA,NA
"39","QEEG0012",9,1,"noncued","malevoice",2603,NA,NA,1975.5,3566984,3566832,NA,1975.5,152,NA,NA
"40","QEEG0012",9,1,"noncued","malevoice",2603,NA,NA,1975,3566988,3566832,NA,1975,156,NA,NA
"41","QEEG0012",9,1,"noncued","malevoice",2603,NA,NA,1973,3566992,3566832,NA,1973,160,NA,NA
"42","QEEG0012",9,1,"noncued","malevoice",2603,NA,NA,1973,3566996,3566832,NA,1973,164,NA,NA
"43","QEEG0012",9,1,"noncued","malevoice",2603,NA,NA,1980,3567000,3566832,NA,1980,168,NA,NA
"44","QEEG0012",9,1,"noncued","malevoice",2603,NA,NA,1979,3567004,3566832,NA,1979,172,NA,NA
"45","QEEG0012",9,1,"noncued","malevoice",2603,NA,NA,1977.5,3567008,3566832,NA,1977.5,176,NA,NA
"46","QEEG0012",9,1,"noncued","malevoice",2603,NA,NA,1979.5,3567012,3566832,NA,1979.5,180,NA,NA
"47","QEEG0012",9,1,"noncued","malevoice",2603,NA,NA,1980,3567016,3566832,NA,1980,184,NA,NA
"48","QEEG0012",9,1,"noncued","malevoice",2603,NA,NA,1980,3567020,3566832,NA,1980,188,NA,NA
"49","QEEG0012",9,1,"noncued","malevoice",2603,NA,NA,1980,3567024,3566832,NA,1980,192,NA,NA
"50","QEEG0012",9,1,"noncued","malevoice",2603,NA,NA,1980,3567028,3566832,NA,1980,196,NA,NA
"51","QEEG0012",9,1,"noncued","malevoice",2603,NA,NA,1982.5,3567032,3566832,NA,1982.5,200,NA,NA
"52","QEEG0012",9,1,"noncued","malevoice",2603,NA,NA,1985,3567036,3566832,NA,1985,204,NA,NA
"53","QEEG0012",9,1,"noncued","malevoice",2603,NA,NA,1985.5,3567040,3566832,NA,1985.5,208,NA,NA
"54","QEEG0012",9,1,"noncued","malevoice",2603,NA,NA,1986,3567044,3566832,NA,1986,212,NA,NA
"55","QEEG0012",9,1,"noncued","malevoice",2603,NA,NA,1986.5,3567048,3566832,NA,1986.5,216,NA,NA
"56","QEEG0012",9,1,"noncued","malevoice",2603,NA,NA,1988.5,3567052,3566832,NA,1988.5,220,NA,NA
"57","QEEG0012",9,1,"noncued","malevoice",2603,NA,NA,1992,3567056,3566832,NA,1992,224,NA,NA
"58","QEEG0012",9,1,"noncued","malevoice",2603,NA,NA,1992.5,3567060,3566832,NA,1992.5,228,NA,NA
"59","QEEG0012",9,1,"noncued","malevoice",2603,NA,NA,1988,3567064,3566832,NA,1988,232,NA,NA
"60","QEEG0012",9,1,"noncued","malevoice",2603,NA,NA,1990.5,3567068,3566832,NA,1990.5,236,NA,NA
"61","QEEG0012",9,1,"noncued","malevoice",2603,NA,NA,1992.5,3567072,3566832,NA,1992.5,240,NA,NA
"62","QEEG0012",9,1,"noncued","malevoice",2603,NA,NA,1995.5,3567076,3566832,NA,1995.5,244,NA,NA
"63","QEEG0012",9,1,"noncued","malevoice",2603,NA,NA,1996.5,3567080,3566832,NA,1996.5,248,NA,NA
"64","QEEG0012",9,1,"noncued","malevoice",2603,NA,NA,1996.5,3567084,3566832,NA,1996.5,252,NA,NA
"65","QEEG0012",9,1,"noncued","malevoice",2603,NA,NA,1997,3567088,3566832,NA,1997,256,NA,NA
"66","QEEG0012",9,1,"noncued","malevoice",2603,NA,NA,1999,3567092,3566832,NA,1999,260,NA,NA
"67","QEEG0012",9,1,"noncued","malevoice",2603,NA,NA,1998.5,3567096,3566832,NA,1998.5,264,NA,NA
"68","QEEG0012",9,1,"noncued","malevoice",2603,NA,NA,1997.5,3567100,3566832,NA,1997.5,268,NA,NA
"69","QEEG0012",9,1,"noncued","malevoice",2603,NA,NA,2001,3567104,3566832,NA,2001,272,NA,NA
"70","QEEG0012",9,1,"noncued","malevoice",2603,NA,NA,2004,3567108,3566832,NA,2004,276,NA,NA
"71","QEEG0012",9,1,"noncued","malevoice",2603,NA,NA,2003,3567112,3566832,NA,2003,280,NA,NA
"72","QEEG0012",9,1,"noncued","malevoice",2603,NA,NA,2000,3567116,3566832,NA,2000,284,NA,NA
"73","QEEG0012",9,1,"noncued","malevoice",2603,NA,NA,1998.5,3567120,3566832,NA,1998.5,288,NA,NA
"74","QEEG0012",9,1,"noncued","malevoice",2603,NA,NA,1999.5,3567124,3566832,NA,1999.5,292,NA,NA
"75","QEEG0012",9,1,"noncued","malevoice",2603,NA,NA,2002.5,3567128,3566832,NA,2002.5,296,NA,NA
"76","QEEG0012",9,1,"noncued","malevoice",2603,NA,NA,2002.5,3567132,3566832,NA,2002.5,300,NA,NA
"77","QEEG0012",9,1,"noncued","malevoice",2603,NA,NA,2001.5,3567136,3566832,NA,2001.5,304,NA,NA
"78","QEEG0012",9,1,"noncued","malevoice",2603,NA,NA,2005,3567140,3566832,NA,2005,308,NA,NA
"79","QEEG0012",9,1,"noncued","malevoice",2603,NA,NA,2007.5,3567144,3566832,NA,2007.5,312,NA,NA
"80","QEEG0012",9,1,"noncued","malevoice",2603,NA,NA,2008,3567148,3566832,NA,2008,316,NA,NA
"81","QEEG0012",9,1,"noncued","malevoice",2603,NA,NA,2006.5,3567152,3566832,NA,2006.5,320,NA,NA
"82","QEEG0012",9,1,"noncued","malevoice",2603,NA,NA,2006,3567156,3566832,NA,2006,324,NA,NA
"83","QEEG0012",9,1,"noncued","malevoice",2603,NA,NA,2007.5,3567160,3566832,NA,2007.5,328,NA,NA
"84","QEEG0012",9,1,"noncued","malevoice",2603,NA,NA,2010,3567164,3566832,NA,2010,332,NA,NA
"85","QEEG0012",9,1,"noncued","malevoice",2603,NA,NA,2013.5,3567168,3566832,NA,2013.5,336,NA,NA
"86","QEEG0012",9,1,"noncued","malevoice",2603,NA,NA,2012.5,3567172,3566832,NA,2012.5,340,NA,NA
"87","QEEG0012",9,1,"noncued","malevoice",2603,NA,NA,2011.5,3567176,3566832,NA,2011.5,344,NA,NA
"88","QEEG0012",9,1,"noncued","malevoice",2603,NA,NA,2011.5,3567180,3566832,NA,2011.5,348,NA,NA
"89","QEEG0012",9,1,"noncued","malevoice",2603,NA,NA,2012.5,3567184,3566832,NA,2012.5,352,NA,NA
"90","QEEG0012",9,1,"noncued","malevoice",2603,NA,NA,2013.5,3567188,3566832,NA,2013.5,356,NA,NA
"91","QEEG0012",9,1,"noncued","malevoice",2603,NA,NA,2015.5,3567192,3566832,NA,2015.5,360,NA,NA
"92","QEEG0012",9,1,"noncued","malevoice",2603,NA,NA,2013.5,3567196,3566832,NA,2013.5,364,NA,NA
"93","QEEG0012",9,1,"noncued","malevoice",2603,NA,NA,2013,3567200,3566832,NA,2013,368,NA,NA
"94","QEEG0012",9,1,"noncued","malevoice",2603,NA,NA,2014.5,3567204,3566832,NA,2014.5,372,NA,NA
"95","QEEG0012",9,1,"noncued","malevoice",2603,NA,NA,2014.5,3567208,3566832,NA,2014.5,376,NA,NA
"96","QEEG0012",9,1,"noncued","malevoice",2603,NA,NA,2015.5,3567212,3566832,NA,2015.5,380,NA,NA
"97","QEEG0012",9,1,"noncued","malevoice",2603,NA,NA,2019.5,3567216,3566832,NA,2019.5,384,NA,NA
"98","QEEG0012",9,1,"noncued","malevoice",2603,NA,NA,2022,3567220,3566832,NA,2022,388,NA,NA
"99","QEEG0012",9,1,"noncued","malevoice",2603,NA,NA,2022,3567224,3566832,NA,2022,392,NA,NA
"100","QEEG0012",9,1,"noncued","malevoice",2603,NA,NA,2022,3567228,3566832,NA,2022,396,NA,NA
"101","QEEG0012",9,1,"noncued","malevoice",2603,NA,NA,2020.5,3567232,3566832,NA,2020.5,400,NA,NA
"102","QEEG0012",9,1,"noncued","malevoice",2603,NA,NA,2019.5,3567236,3566832,NA,2019.5,404,NA,NA
"103","QEEG0012",9,1,"noncued","malevoice",2603,NA,NA,2019,3567240,3566832,NA,2019,408,NA,NA
"104","QEEG0012",9,1,"noncued","malevoice",2603,NA,NA,2015.5,3567244,3566832,NA,2015.5,412,NA,NA
"105","QEEG0012",9,1,"noncued","malevoice",2603,NA,NA,2011.5,3567248,3566832,NA,2011.5,416,NA,NA
"106","QEEG0012",9,1,"noncued","malevoice",2603,NA,NA,2012.5,3567252,3566832,NA,2012.5,420,NA,NA
"107","QEEG0012",9,1,"noncued","malevoice",2603,NA,NA,2012.5,3567256,3566832,NA,2012.5,424,NA,NA
"108","QEEG0012",9,1,"noncued","malevoice",2603,NA,NA,2012.5,3567260,3566832,NA,2012.5,428,NA,NA
"109","QEEG0012",9,1,"noncued","malevoice",2603,NA,NA,2014.5,3567264,3566832,NA,2014.5,432,NA,NA
"110","QEEG0012",9,1,"noncued","malevoice",2603,NA,NA,2015.5,3567268,3566832,NA,2015.5,436,NA,NA
"111","QEEG0012",9,1,"noncued","malevoice",2603,NA,NA,2016,3567272,3566832,NA,2016,440,NA,NA
"112","QEEG0012",9,1,"noncued","malevoice",2603,NA,NA,2017,3567276,3566832,NA,2017,444,NA,NA
"113","QEEG0012",9,1,"noncued","malevoice",2603,NA,NA,2015,3567280,3566832,NA,2015,448,NA,NA
"114","QEEG0012",9,1,"noncued","malevoice",2603,NA,NA,2014,3567284,3566832,NA,2014,452,NA,NA
"115","QEEG0012",9,1,"noncued","malevoice",2603,NA,NA,2014,3567288,3566832,NA,2014,456,NA,NA
"116","QEEG0012",9,1,"noncued","malevoice",2603,NA,NA,2014.5,3567292,3566832,NA,2014.5,460,NA,NA
"117","QEEG0012",9,1,"noncued","malevoice",2603,NA,NA,2015.5,3567296,3566832,NA,2015.5,464,NA,NA
"118","QEEG0012",9,1,"noncued","malevoice",2603,NA,NA,2015.5,3567300,3566832,NA,2015.5,468,NA,NA
"119","QEEG0012",9,1,"noncued","malevoice",2603,NA,NA,2015,3567304,3566832,NA,2015,472,NA,NA
"120","QEEG0012",9,1,"noncued","malevoice",2603,NA,NA,2012.5,3567308,3566832,NA,2012.5,476,NA,NA
"121","QEEG0012",9,1,"noncued","malevoice",2603,NA,NA,2012,3567312,3566832,NA,2012,480,NA,NA
"122","QEEG0012",9,1,"noncued","malevoice",2603,NA,NA,2011,3567316,3566832,NA,2011,484,NA,NA
"123","QEEG0012",9,1,"noncued","malevoice",2603,NA,NA,2010.5,3567320,3566832,NA,2010.5,488,NA,NA
"124","QEEG0012",9,1,"noncued","malevoice",2603,NA,NA,2011.5,3567324,3566832,NA,2011.5,492,NA,NA
"125","QEEG0012",9,1,"noncued","malevoice",2603,NA,NA,2011,3567328,3566832,NA,2011,496,NA,NA
"126","QEEG0012",9,1,"noncued","malevoice",2603,NA,NA,2014.5,3567332,3566832,NA,2014.5,500,NA,NA
"127","QEEG0012",9,1,"noncued","malevoice",2603,NA,NA,2017.5,3567336,3566832,NA,2017.5,504,NA,NA
"128","QEEG0012",9,1,"noncued","malevoice",2603,NA,NA,2018,3567340,3566832,NA,2018,508,NA,NA
"129","QEEG0012",9,1,"noncued","malevoice",2603,NA,NA,2016,3567344,3566832,NA,2016,512,512,"Onset"
"130","QEEG0012",9,1,"noncued","malevoice",2603,NA,NA,2014.5,3567348,3566832,NA,2014.5,516,NA,NA
"131","QEEG0012",9,1,"noncued","malevoice",2603,NA,NA,2013,3567352,3566832,NA,2013,520,NA,NA
"132","QEEG0012",9,1,"noncued","malevoice",2603,NA,NA,2015,3567356,3566832,NA,2015,524,NA,NA
"133","QEEG0012",9,1,"noncued","malevoice",2603,NA,1,2014,3567360,3566832,NA,2014,528,NA,NA
"134","QEEG0012",9,1,"noncued","malevoice",2603,NA,1,2007,3567364,3566832,NA,2007,532,NA,NA
"135","QEEG0012",9,1,"noncued","malevoice",2603,NA,1,2006.5,3567368,3566832,NA,2006.5,536,NA,NA
"136","QEEG0012",9,1,"noncued","malevoice",2603,NA,1,2005,3567372,3566832,NA,2005,540,NA,NA
"137","QEEG0012",9,1,"noncued","malevoice",2603,NA,1,2006.5,3567376,3566832,NA,2006.5,544,NA,NA
"138","QEEG0012",9,1,"noncued","malevoice",2603,NA,1,2000,3567380,3566832,NA,2000,548,NA,NA
"139","QEEG0012",9,1,"noncued","malevoice",2603,NA,1,1984.5,3567384,3566832,NA,1984.5,552,NA,NA
"140","QEEG0012",9,1,"noncued","malevoice",2603,NA,1,1971,3567388,3566832,NA,1971,556,NA,NA
"141","QEEG0012",9,1,"noncued","malevoice",2603,NA,1,1911,3567392,3566832,NA,1911,560,NA,NA
"142","QEEG0012",9,1,"noncued","malevoice",2603,NA,1,1769,3567396,3566832,NA,1769,564,NA,NA
"143","QEEG0012",9,1,"noncued","malevoice",2603,NA,1,1545.5,3567400,3566832,NA,1545.5,568,NA,NA
"144","QEEG0012",9,1,"noncued","malevoice",2603,NA,1,1413,3567404,3566832,NA,1413,572,NA,NA
"145","QEEG0012",9,1,"noncued","malevoice",2603,1,1,NA,3567408,3566832,NA,0,576,NA,NA
"146","QEEG0012",9,1,"noncued","malevoice",2603,1,1,NA,3567412,3566832,NA,0,580,NA,NA
"147","QEEG0012",9,1,"noncued","malevoice",2603,1,1,NA,3567416,3566832,NA,0,584,NA,NA
"148","QEEG0012",9,1,"noncued","malevoice",2603,1,1,NA,3567420,3566832,NA,0,588,NA,NA
"149","QEEG0012",9,1,"noncued","malevoice",2603,1,1,NA,3567424,3566832,NA,0,592,NA,NA
"150","QEEG0012",9,1,"noncued","malevoice",2603,1,1,NA,3567428,3566832,NA,0,596,NA,NA
"151","QEEG0012",9,1,"noncued","malevoice",2603,1,1,NA,3567432,3566832,NA,0,600,NA,NA
"152","QEEG0012",9,1,"noncued","malevoice",2603,1,1,NA,3567436,3566832,NA,0,604,NA,NA
"153","QEEG0012",9,1,"noncued","malevoice",2603,1,1,NA,3567440,3566832,NA,0,608,NA,NA
"154","QEEG0012",9,1,"noncued","malevoice",2603,1,1,NA,3567444,3566832,"StartCTW",0,612,NA,NA
"155","QEEG0012",9,1,"noncued","malevoice",2603,1,1,NA,3567448,3566832,NA,0,616,NA,NA
"156","QEEG0012",9,1,"noncued","malevoice",2603,1,1,NA,3567452,3566832,NA,0,620,NA,NA
"157","QEEG0012",9,1,"noncued","malevoice",2603,1,1,NA,3567456,3566832,NA,0,624,NA,NA
"158","QEEG0012",9,1,"noncued","malevoice",2603,1,1,NA,3567460,3566832,NA,0,628,NA,NA
"159","QEEG0012",9,1,"noncued","malevoice",2603,1,1,NA,3567464,3566832,NA,0,632,NA,NA
"160","QEEG0012",9,1,"noncued","malevoice",2603,1,1,NA,3567468,3566832,NA,0,636,NA,NA
"161","QEEG0012",9,1,"noncued","malevoice",2603,1,1,NA,3567472,3566832,NA,0,640,NA,NA
"162","QEEG0012",9,1,"noncued","malevoice",2603,1,1,NA,3567476,3566832,NA,0,644,NA,NA
"163","QEEG0012",9,1,"noncued","malevoice",2603,1,1,NA,3567480,3566832,NA,0,648,NA,NA
"164","QEEG0012",9,1,"noncued","malevoice",2603,1,1,NA,3567484,3566832,NA,0,652,NA,NA
"165","QEEG0012",9,1,"noncued","malevoice",2603,1,1,NA,3567488,3566832,NA,0,656,NA,NA
"166","QEEG0012",9,1,"noncued","malevoice",2603,1,1,NA,3567492,3566832,NA,0,660,NA,NA
"167","QEEG0012",9,1,"noncued","malevoice",2603,1,1,NA,3567496,3566832,NA,0,664,NA,NA
"168","QEEG0012",9,1,"noncued","malevoice",2603,1,1,NA,3567500,3566832,NA,0,668,NA,NA
"169","QEEG0012",9,1,"noncued","malevoice",2603,1,1,NA,3567504,3566832,NA,0,672,NA,NA
"170","QEEG0012",9,1,"noncued","malevoice",2603,1,1,NA,3567508,3566832,NA,0,676,NA,NA
"171","QEEG0012",9,1,"noncued","malevoice",2603,1,1,NA,3567512,3566832,NA,0,680,NA,NA
"172","QEEG0012",9,1,"noncued","malevoice",2603,1,1,NA,3567516,3566832,NA,0,684,NA,NA
"173","QEEG0012",9,1,"noncued","malevoice",2603,1,1,NA,3567520,3566832,NA,0,688,NA,NA
"174","QEEG0012",9,1,"noncued","malevoice",2603,1,1,NA,3567524,3566832,NA,0,692,NA,NA
"175","QEEG0012",9,1,"noncued","malevoice",2603,1,1,NA,3567528,3566832,NA,0,696,NA,NA
"176","QEEG0012",9,1,"noncued","malevoice",2603,NA,1,1275.5,3567532,3566832,NA,1275.5,700,NA,NA
"177","QEEG0012",9,1,"noncued","malevoice",2603,NA,1,1330.5,3567536,3566832,NA,1330.5,704,NA,NA
"178","QEEG0012",9,1,"noncued","malevoice",2603,NA,1,1421,3567540,3566832,NA,1421,708,NA,NA
"179","QEEG0012",9,1,"noncued","malevoice",2603,NA,1,1501.5,3567544,3566832,NA,1501.5,712,NA,NA
"180","QEEG0012",9,1,"noncued","malevoice",2603,NA,1,1573,3567548,3566832,NA,1573,716,NA,NA
"181","QEEG0012",9,1,"noncued","malevoice",2603,NA,1,1637.5,3567552,3566832,NA,1637.5,720,NA,NA
"182","QEEG0012",9,1,"noncued","malevoice",2603,NA,1,1688.5,3567556,3566832,NA,1688.5,724,NA,NA
"183","QEEG0012",9,1,"noncued","malevoice",2603,NA,1,1743,3567560,3566832,NA,1743,728,NA,NA
"184","QEEG0012",9,1,"noncued","malevoice",2603,NA,1,1791.5,3567564,3566832,NA,1791.5,732,NA,NA
"185","QEEG0012",9,1,"noncued","malevoice",2603,NA,1,1830.5,3567568,3566832,NA,1830.5,736,NA,NA
"186","QEEG0012",9,1,"noncued","malevoice",2603,NA,1,1867.5,3567572,3566832,NA,1867.5,740,NA,NA
"187","QEEG0012",9,1,"noncued","malevoice",2603,NA,1,1894.5,3567576,3566832,NA,1894.5,744,NA,NA
"188","QEEG0012",9,1,"noncued","malevoice",2603,NA,1,1920,3567580,3566832,NA,1920,748,NA,NA
"189","QEEG0012",9,1,"noncued","malevoice",2603,NA,1,1940,3567584,3566832,NA,1940,752,NA,NA
"190","QEEG0012",9,1,"noncued","malevoice",2603,NA,NA,1952.5,3567588,3566832,NA,1952.5,756,NA,NA
"191","QEEG0012",9,1,"noncued","malevoice",2603,NA,NA,1965.5,3567592,3566832,NA,1965.5,760,NA,NA
"192","QEEG0012",9,1,"noncued","malevoice",2603,NA,NA,1973.5,3567596,3566832,NA,1973.5,764,NA,NA
"193","QEEG0012",9,1,"noncued","malevoice",2603,NA,NA,1977,3567600,3566832,NA,1977,768,NA,NA
"194","QEEG0012",9,1,"noncued","malevoice",2603,NA,NA,1981.5,3567604,3566832,NA,1981.5,772,NA,NA
"195","QEEG0012",9,1,"noncued","malevoice",2603,NA,NA,1982.5,3567608,3566832,NA,1982.5,776,NA,NA
"196","QEEG0012",9,1,"noncued","malevoice",2603,NA,1,1984.5,3567612,3566832,NA,1984.5,780,NA,NA
"197","QEEG0012",9,1,"noncued","malevoice",2603,NA,1,1984.5,3567616,3566832,NA,1984.5,784,NA,NA
"198","QEEG0012",9,1,"noncued","malevoice",2603,NA,1,1985,3567620,3566832,NA,1985,788,NA,NA
"199","QEEG0012",9,1,"noncued","malevoice",2603,NA,1,1985,3567624,3566832,NA,1985,792,792,"Offset"
"200","QEEG0012",9,1,"noncued","malevoice",2603,NA,NA,1981.5,3567628,3566832,NA,1981.5,796,NA,NA
"201","QEEG0012",9,1,"noncued","malevoice",2603,NA,NA,1979,3567632,3566832,NA,1979,800,NA,NA
"202","QEEG0012",9,1,"noncued","malevoice",2603,NA,NA,1977.5,3567636,3566832,NA,1977.5,804,NA,NA
"203","QEEG0012",9,1,"noncued","malevoice",2603,NA,NA,1977,3567640,3566832,NA,1977,808,NA,NA
"204","QEEG0012",9,1,"noncued","malevoice",2603,NA,NA,1979,3567644,3566832,NA,1979,812,NA,NA
"205","QEEG0012",9,1,"noncued","malevoice",2603,NA,NA,1981.5,3567648,3566832,NA,1981.5,816,NA,NA
"206","QEEG0012",9,1,"noncued","malevoice",2603,NA,NA,1983,3567652,3566832,NA,1983,820,NA,NA
"207","QEEG0012",9,1,"noncued","malevoice",2603,NA,1,1985,3567656,3566832,NA,1985,824,NA,NA
"208","QEEG0012",9,1,"noncued","malevoice",2603,NA,1,1987.5,3567660,3566832,NA,1987.5,828,NA,NA
"209","QEEG0012",9,1,"noncued","malevoice",2603,NA,1,1987.5,3567664,3566832,NA,1987.5,832,NA,NA
"210","QEEG0012",9,1,"noncued","malevoice",2603,NA,1,1987,3567668,3566832,NA,1987,836,NA,NA
"211","QEEG0012",9,1,"noncued","malevoice",2603,NA,1,1989,3567672,3566832,NA,1989,840,NA,NA
"212","QEEG0012",9,1,"noncued","malevoice",2603,NA,1,1990,3567676,3566832,NA,1990,844,NA,NA
"213","QEEG0012",9,1,"noncued","malevoice",2603,NA,1,1993.5,3567680,3566832,NA,1993.5,848,NA,NA
"214","QEEG0012",9,1,"noncued","malevoice",2603,NA,1,1995.5,3567684,3566832,NA,1995.5,852,NA,NA
"215","QEEG0012",9,1,"noncued","malevoice",2603,NA,1,1996.5,3567688,3566832,NA,1996.5,856,NA,NA
"216","QEEG0012",9,1,"noncued","malevoice",2603,NA,1,1998.5,3567692,3566832,NA,1998.5,860,NA,NA
"217","QEEG0012",9,1,"noncued","malevoice",2603,NA,1,1999.5,3567696,3566832,NA,1999.5,864,NA,NA
"218","QEEG0012",9,1,"noncued","malevoice",2603,NA,1,1996.5,3567700,3566832,NA,1996.5,868,NA,NA
"219","QEEG0012",9,1,"noncued","malevoice",2603,NA,1,1994.5,3567704,3566832,NA,1994.5,872,NA,NA
"220","QEEG0012",9,1,"noncued","malevoice",2603,NA,NA,1994.5,3567708,3566832,NA,1994.5,876,NA,NA
"221","QEEG0012",9,1,"noncued","malevoice",2603,NA,NA,1996,3567712,3566832,NA,1996,880,NA,NA
"222","QEEG0012",9,1,"noncued","malevoice",2603,NA,NA,1999.5,3567716,3566832,NA,1999.5,884,NA,NA
"223","QEEG0012",9,1,"noncued","malevoice",2603,NA,NA,2001,3567720,3566832,NA,2001,888,NA,NA
"224","QEEG0012",9,1,"noncued","malevoice",2603,NA,NA,2001,3567724,3566832,NA,2001,892,NA,NA
"225","QEEG0012",9,1,"noncued","malevoice",2603,NA,NA,2001,3567728,3566832,NA,2001,896,NA,NA
"226","QEEG0012",9,1,"noncued","malevoice",2603,NA,NA,2001,3567732,3566832,NA,2001,900,NA,NA
"227","QEEG0012",9,1,"noncued","malevoice",2603,NA,NA,2001,3567736,3566832,NA,2001,904,NA,NA
"228","QEEG0012",9,1,"noncued","malevoice",2603,NA,1,2006.5,3567740,3566832,NA,2006.5,908,NA,NA
"229","QEEG0012",9,1,"noncued","malevoice",2603,NA,1,2005.5,3567744,3566832,NA,2005.5,912,NA,NA
"230","QEEG0012",9,1,"noncued","malevoice",2603,NA,1,2005,3567748,3566832,NA,2005,916,NA,NA
"231","QEEG0012",9,1,"noncued","malevoice",2603,NA,1,2008,3567752,3566832,NA,2008,920,NA,NA
"232","QEEG0012",9,1,"noncued","malevoice",2603,NA,1,2009,3567756,3566832,NA,2009,924,NA,NA
"233","QEEG0012",9,1,"noncued","malevoice",2603,NA,NA,2009,3567760,3566832,NA,2009,928,NA,NA
"234","QEEG0012",9,1,"noncued","malevoice",2603,NA,NA,2009,3567764,3566832,NA,2009,932,NA,NA
"235","QEEG0012",9,1,"noncued","malevoice",2603,NA,NA,2009,3567768,3566832,NA,2009,936,NA,NA
"236","QEEG0012",9,1,"noncued","malevoice",2603,NA,NA,2008.5,3567772,3566832,NA,2008.5,940,NA,NA
"237","QEEG0012",9,1,"noncued","malevoice",2603,NA,NA,2007.5,3567776,3566832,NA,2007.5,944,NA,NA
"238","QEEG0012",9,1,"noncued","malevoice",2603,NA,NA,2007.5,3567780,3566832,NA,2007.5,948,NA,NA
"239","QEEG0012",9,1,"noncued","malevoice",2603,NA,NA,2008.5,3567784,3566832,NA,2008.5,952,NA,NA
"240","QEEG0012",9,1,"noncued","malevoice",2603,NA,NA,2009.5,3567788,3566832,NA,2009.5,956,NA,NA
"241","QEEG0012",9,1,"noncued","malevoice",2603,NA,NA,2011,3567792,3566832,NA,2011,960,NA,NA
"242","QEEG0012",9,1,"noncued","malevoice",2603,NA,NA,2015,3567796,3566832,NA,2015,964,NA,NA
"243","QEEG0012",9,1,"noncued","malevoice",2603,NA,NA,2013,3567800,3566832,NA,2013,968,NA,NA
"244","QEEG0012",9,1,"noncued","malevoice",2603,NA,NA,2011,3567804,3566832,NA,2011,972,NA,NA
"245","QEEG0012",9,1,"noncued","malevoice",2603,NA,NA,2009.5,3567808,3566832,NA,2009.5,976,NA,NA
"246","QEEG0012",9,1,"noncued","malevoice",2603,NA,NA,2009,3567812,3566832,NA,2009,980,NA,NA
"247","QEEG0012",9,1,"noncued","malevoice",2603,NA,NA,2011,3567816,3566832,NA,2011,984,NA,NA
"248","QEEG0012",9,1,"noncued","malevoice",2603,NA,NA,2014.5,3567820,3566832,NA,2014.5,988,NA,NA
"249","QEEG0012",9,1,"noncued","malevoice",2603,NA,NA,2022,3567824,3566832,NA,2022,992,NA,NA
"250","QEEG0012",9,1,"noncued","malevoice",2603,NA,NA,2024.5,3567828,3566832,NA,2024.5,996,NA,NA
"251","QEEG0012",9,1,"noncued","malevoice",2603,NA,NA,2024,3567832,3566832,NA,2024,1000,NA,NA
"252","QEEG0012",9,1,"noncued","malevoice",2603,NA,NA,2023.5,3567836,3566832,NA,2023.5,1004,NA,NA
"253","QEEG0012",9,1,"noncued","malevoice",2603,NA,NA,2025,3567840,3566832,NA,2025,1008,NA,NA
"254","QEEG0012",9,1,"noncued","malevoice",2603,NA,NA,2025,3567844,3566832,NA,2025,1012,NA,NA
"255","QEEG0012",9,1,"noncued","malevoice",2603,NA,NA,2029,3567848,3566832,NA,2029,1016,NA,NA
"256","QEEG0012",9,1,"noncued","malevoice",2603,NA,NA,2031,3567852,3566832,NA,2031,1020,NA,NA
"257","QEEG0012",9,1,"noncued","malevoice",2603,NA,1,2031,3567856,3566832,NA,2031,1024,NA,NA
"258","QEEG0012",9,1,"noncued","malevoice",2603,NA,1,2034,3567860,3566832,NA,2034,1028,NA,NA
"259","QEEG0012",9,1,"noncued","malevoice",2603,NA,1,2038,3567864,3566832,NA,2038,1032,NA,NA
"260","QEEG0012",9,1,"noncued","malevoice",2603,NA,1,2038.5,3567868,3566832,NA,2038.5,1036,NA,NA
"261","QEEG0012",9,1,"noncued","malevoice",2603,NA,1,2041,3567872,3566832,NA,2041,1040,NA,NA
"262","QEEG0012",9,1,"noncued","malevoice",2603,NA,1,2043,3567876,3566832,NA,2043,1044,NA,NA
"263","QEEG0012",9,1,"noncued","malevoice",2603,NA,NA,2045.5,3567880,3566832,NA,2045.5,1048,NA,NA
"264","QEEG0012",9,1,"noncued","malevoice",2603,NA,NA,2044.5,3567884,3566832,NA,2044.5,1052,NA,NA
"265","QEEG0012",9,1,"noncued","malevoice",2603,NA,NA,2043.5,3567888,3566832,NA,2043.5,1056,NA,NA
"266","QEEG0012",9,1,"noncued","malevoice",2603,NA,NA,2043,3567892,3566832,NA,2043,1060,NA,NA
"267","QEEG0012",9,1,"noncued","malevoice",2603,NA,NA,2045.5,3567896,3566832,NA,2045.5,1064,NA,NA
"268","QEEG0012",9,1,"noncued","malevoice",2603,NA,NA,2048.5,3567900,3566832,NA,2048.5,1068,NA,NA
"269","QEEG0012",9,1,"noncued","malevoice",2603,NA,NA,2048.5,3567904,3566832,NA,2048.5,1072,NA,NA
"270","QEEG0012",9,1,"noncued","malevoice",2603,NA,NA,2050,3567908,3566832,NA,2050,1076,NA,NA
"271","QEEG0012",9,1,"noncued","malevoice",2603,NA,NA,2054,3567912,3566832,NA,2054,1080,NA,NA
"272","QEEG0012",9,1,"noncued","malevoice",2603,NA,NA,2056,3567916,3566832,NA,2056,1084,NA,NA
"273","QEEG0012",9,1,"noncued","malevoice",2603,NA,NA,2054,3567920,3566832,NA,2054,1088,NA,NA
"274","QEEG0012",9,1,"noncued","malevoice",2603,NA,NA,2054,3567924,3566832,NA,2054,1092,NA,NA
"275","QEEG0012",9,1,"noncued","malevoice",2603,NA,NA,2057.5,3567928,3566832,NA,2057.5,1096,NA,NA
"276","QEEG0012",9,1,"noncued","malevoice",2603,NA,NA,2060,3567932,3566832,NA,2060,1100,NA,NA
"277","QEEG0012",9,1,"noncued","malevoice",2603,NA,NA,2056.5,3567936,3566832,NA,2056.5,1104,NA,NA
"278","QEEG0012",9,1,"noncued","malevoice",2603,NA,NA,2054.5,3567940,3566832,NA,2054.5,1108,NA,NA
"279","QEEG0012",9,1,"noncued","malevoice",2603,NA,NA,2055,3567944,3566832,NA,2055,1112,NA,NA
"280","QEEG0012",9,1,"noncued","malevoice",2603,NA,NA,2055,3567948,3566832,NA,2055,1116,NA,NA
"281","QEEG0012",9,1,"noncued","malevoice",2603,NA,NA,2056,3567952,3566832,NA,2056,1120,NA,NA
"282","QEEG0012",9,1,"noncued","malevoice",2603,NA,NA,2057.5,3567956,3566832,NA,2057.5,1124,NA,NA
"283","QEEG0012",9,1,"noncued","malevoice",2603,NA,NA,2058,3567960,3566832,NA,2058,1128,NA,NA
"284","QEEG0012",9,1,"noncued","malevoice",2603,NA,NA,2058,3567964,3566832,NA,2058,1132,NA,NA
"285","QEEG0012",9,1,"noncued","malevoice",2603,NA,NA,2059,3567968,3566832,NA,2059,1136,NA,NA
"286","QEEG0012",9,1,"noncued","malevoice",2603,NA,NA,2061,3567972,3566832,NA,2061,1140,NA,NA
"287","QEEG0012",9,1,"noncued","malevoice",2603,NA,NA,2062,3567976,3566832,NA,2062,1144,NA,NA
"288","QEEG0012",9,1,"noncued","malevoice",2603,NA,NA,2056.5,3567980,3566832,NA,2056.5,1148,NA,NA
"289","QEEG0012",9,1,"noncued","malevoice",2603,NA,NA,2057,3567984,3566832,NA,2057,1152,NA,NA
"290","QEEG0012",9,1,"noncued","malevoice",2603,NA,NA,2059.5,3567988,3566832,NA,2059.5,1156,NA,NA
"291","QEEG0012",9,1,"noncued","malevoice",2603,NA,NA,2061,3567992,3566832,NA,2061,1160,NA,NA
"292","QEEG0012",9,1,"noncued","malevoice",2603,NA,NA,2059.5,3567996,3566832,NA,2059.5,1164,NA,NA
"293","QEEG0012",9,1,"noncued","malevoice",2603,NA,NA,2059,3568000,3566832,NA,2059,1168,NA,NA
"294","QEEG0012",9,1,"noncued","malevoice",2603,NA,NA,2062,3568004,3566832,NA,2062,1172,NA,NA
"295","QEEG0012",9,1,"noncued","malevoice",2603,NA,NA,2062,3568008,3566832,NA,2062,1176,NA,NA
"296","QEEG0012",9,1,"noncued","malevoice",2603,NA,NA,2060,3568012,3566832,NA,2060,1180,NA,NA
"297","QEEG0012",9,1,"noncued","malevoice",2603,NA,NA,2060,3568016,3566832,NA,2060,1184,NA,NA
"298","QEEG0012",9,1,"noncued","malevoice",2603,NA,NA,2061.5,3568020,3566832,NA,2061.5,1188,NA,NA
"299","QEEG0012",9,1,"noncued","malevoice",2603,NA,NA,2060.5,3568024,3566832,NA,2060.5,1192,NA,NA
"300","QEEG0012",9,1,"noncued","malevoice",2603,NA,NA,2056.5,3568028,3566832,NA,2056.5,1196,NA,NA
"301","QEEG0012",9,1,"noncued","malevoice",2603,NA,NA,2059,3568032,3566832,NA,2059,1200,NA,NA
"302","QEEG0012",9,1,"noncued","malevoice",2603,NA,NA,2059.5,3568036,3566832,NA,2059.5,1204,NA,NA
"303","QEEG0012",9,1,"noncued","malevoice",2603,NA,NA,2058.5,3568040,3566832,NA,2058.5,1208,NA,NA
"304","QEEG0012",9,1,"noncued","malevoice",2603,NA,NA,2059.5,3568044,3566832,NA,2059.5,1212,NA,NA
"305","QEEG0012",9,1,"noncued","malevoice",2603,NA,NA,2061,3568048,3566832,NA,2061,1216,NA,NA
"306","QEEG0012",9,1,"noncued","malevoice",2603,NA,NA,2061,3568052,3566832,NA,2061,1220,NA,NA
"307","QEEG0012",9,1,"noncued","malevoice",2603,NA,NA,2061,3568056,3566832,NA,2061,1224,NA,NA
"308","QEEG0012",9,1,"noncued","malevoice",2603,NA,NA,2058.5,3568060,3566832,NA,2058.5,1228,NA,NA
"309","QEEG0012",9,1,"noncued","malevoice",2603,NA,NA,2058,3568064,3566832,NA,2058,1232,NA,NA
"310","QEEG0012",9,1,"noncued","malevoice",2603,NA,NA,2059,3568068,3566832,NA,2059,1236,NA,NA
"311","QEEG0012",9,1,"noncued","malevoice",2603,NA,NA,2059,3568072,3566832,NA,2059,1240,NA,NA
"312","QEEG0012",9,1,"noncued","malevoice",2603,NA,NA,2060,3568076,3566832,NA,2060,1244,NA,NA
"313","QEEG0012",9,1,"noncued","malevoice",2603,NA,NA,2061.5,3568080,3566832,NA,2061.5,1248,NA,NA
"314","QEEG0012",9,1,"noncued","malevoice",2603,NA,NA,2059.5,3568084,3566832,NA,2059.5,1252,NA,NA
"315","QEEG0012",9,1,"noncued","malevoice",2603,NA,NA,2059,3568088,3566832,NA,2059,1256,NA,NA
"316","QEEG0012",9,1,"noncued","malevoice",2603,NA,NA,2059,3568092,3566832,NA,2059,1260,NA,NA
"317","QEEG0012",9,1,"noncued","malevoice",2603,NA,NA,2060,3568096,3566832,NA,2060,1264,NA,NA
"318","QEEG0012",9,1,"noncued","malevoice",2603,NA,NA,2057.5,3568100,3566832,NA,2057.5,1268,NA,NA
"319","QEEG0012",9,1,"noncued","malevoice",2603,NA,NA,2057,3568104,3566832,NA,2057,1272,NA,NA
"320","QEEG0012",9,1,"noncued","malevoice",2603,NA,NA,2060,3568108,3566832,NA,2060,1276,NA,NA
"321","QEEG0012",9,1,"noncued","malevoice",2603,NA,NA,2061,3568112,3566832,NA,2061,1280,NA,NA
"322","QEEG0012",9,1,"noncued","malevoice",2603,NA,NA,2057.5,3568116,3566832,NA,2057.5,1284,NA,NA
"323","QEEG0012",9,1,"noncued","malevoice",2603,NA,NA,2054.5,3568120,3566832,NA,2054.5,1288,NA,NA
"324","QEEG0012",9,1,"noncued","malevoice",2603,NA,NA,2051.5,3568124,3566832,NA,2051.5,1292,NA,NA
"325","QEEG0012",9,1,"noncued","malevoice",2603,NA,NA,2053,3568128,3566832,NA,2053,1296,NA,NA
"326","QEEG0012",9,1,"noncued","malevoice",2603,NA,NA,2054.5,3568132,3566832,NA,2054.5,1300,NA,NA
"327","QEEG0012",9,1,"noncued","malevoice",2603,NA,NA,2058.5,3568136,3566832,NA,2058.5,1304,NA,NA
"328","QEEG0012",9,1,"noncued","malevoice",2603,NA,NA,2059.5,3568140,3566832,NA,2059.5,1308,NA,NA
"329","QEEG0012",9,1,"noncued","malevoice",2603,NA,NA,2055.5,3568144,3566832,NA,2055.5,1312,NA,NA
"330","QEEG0012",9,1,"noncued","malevoice",2603,NA,NA,2059,3568148,3566832,NA,2059,1316,NA,NA
"331","QEEG0012",9,1,"noncued","malevoice",2603,NA,NA,2062,3568152,3566832,NA,2062,1320,NA,NA
"332","QEEG0012",9,1,"noncued","malevoice",2603,NA,NA,2058,3568156,3566832,NA,2058,1324,NA,NA
"333","QEEG0012",9,1,"noncued","malevoice",2603,NA,NA,2051.5,3568160,3566832,NA,2051.5,1328,NA,NA
"334","QEEG0012",9,1,"noncued","malevoice",2603,NA,NA,2052.5,3568164,3566832,NA,2052.5,1332,NA,NA
"335","QEEG0012",9,1,"noncued","malevoice",2603,NA,NA,2054,3568168,3566832,NA,2054,1336,NA,NA
"336","QEEG0012",9,1,"noncued","malevoice",2603,NA,NA,2055.5,3568172,3566832,NA,2055.5,1340,NA,NA
"337","QEEG0012",9,1,"noncued","malevoice",2603,NA,NA,2056.5,3568176,3566832,NA,2056.5,1344,NA,NA
"338","QEEG0012",9,1,"noncued","malevoice",2603,NA,NA,2056.5,3568180,3566832,NA,2056.5,1348,NA,NA
"339","QEEG0012",9,1,"noncued","malevoice",2603,NA,NA,2056.5,3568184,3566832,NA,2056.5,1352,NA,NA
"340","QEEG0012",9,1,"noncued","malevoice",2603,NA,NA,2056,3568188,3566832,NA,2056,1356,NA,NA
"341","QEEG0012",9,1,"noncued","malevoice",2603,NA,NA,2061,3568192,3566832,NA,2061,1360,NA,NA
"342","QEEG0012",9,1,"noncued","malevoice",2603,NA,NA,2065,3568196,3566832,NA,2065,1364,NA,NA
"343","QEEG0012",9,1,"noncued","malevoice",2603,NA,NA,2063.5,3568200,3566832,NA,2063.5,1368,NA,NA
"344","QEEG0012",9,1,"noncued","malevoice",2603,NA,NA,2066,3568204,3566832,NA,2066,1372,NA,NA
"345","QEEG0012",9,1,"noncued","malevoice",2603,NA,NA,2067.5,3568208,3566832,NA,2067.5,1376,NA,NA
"346","QEEG0012",9,1,"noncued","malevoice",2603,NA,NA,2063.5,3568212,3566832,NA,2063.5,1380,NA,NA
"347","QEEG0012",9,1,"noncued","malevoice",2603,NA,NA,2059.5,3568216,3566832,NA,2059.5,1384,NA,NA
"348","QEEG0012",9,1,"noncued","malevoice",2603,NA,NA,2062,3568220,3566832,NA,2062,1388,NA,NA
"349","QEEG0012",9,1,"noncued","malevoice",2603,NA,NA,2063.5,3568224,3566832,NA,2063.5,1392,NA,NA
"350","QEEG0012",9,1,"noncued","malevoice",2603,NA,NA,2063.5,3568228,3566832,NA,2063.5,1396,NA,NA
"351","QEEG0012",9,1,"noncued","malevoice",2603,NA,NA,2064,3568232,3566832,NA,2064,1400,NA,NA
"352","QEEG0012",9,1,"noncued","malevoice",2603,NA,NA,2066,3568236,3566832,NA,2066,1404,NA,NA
"353","QEEG0012",9,1,"noncued","malevoice",2603,NA,NA,2067,3568240,3566832,NA,2067,1408,NA,NA
"354","QEEG0012",9,1,"noncued","malevoice",2603,NA,NA,2066.5,3568244,3566832,NA,2066.5,1412,NA,NA
"355","QEEG0012",9,1,"noncued","malevoice",2603,NA,NA,2067.5,3568248,3566832,NA,2067.5,1416,NA,NA
"356","QEEG0012",9,1,"noncued","malevoice",2603,NA,NA,2069.5,3568252,3566832,NA,2069.5,1420,NA,NA
"357","QEEG0012",9,1,"noncued","malevoice",2603,NA,NA,2072.5,3568256,3566832,NA,2072.5,1424,NA,NA
"358","QEEG0012",9,1,"noncued","malevoice",2603,NA,NA,2071.5,3568260,3566832,NA,2071.5,1428,NA,NA
"359","QEEG0012",9,1,"noncued","malevoice",2603,NA,NA,2067,3568264,3566832,NA,2067,1432,NA,NA
"360","QEEG0012",9,1,"noncued","malevoice",2603,NA,NA,2067.5,3568268,3566832,NA,2067.5,1436,NA,NA
"361","QEEG0012",9,1,"noncued","malevoice",2603,NA,NA,2069.5,3568272,3566832,NA,2069.5,1440,NA,NA
"362","QEEG0012",9,1,"noncued","malevoice",2603,NA,NA,2069.5,3568276,3566832,NA,2069.5,1444,NA,NA
"363","QEEG0012",9,1,"noncued","malevoice",2603,NA,NA,2069,3568280,3566832,NA,2069,1448,NA,NA
"364","QEEG0012",9,1,"noncued","malevoice",2603,NA,NA,2069.5,3568284,3566832,NA,2069.5,1452,NA,NA
"365","QEEG0012",9,1,"noncued","malevoice",2603,NA,NA,2067.5,3568288,3566832,NA,2067.5,1456,NA,NA
"366","QEEG0012",9,1,"noncued","malevoice",2603,NA,NA,2066,3568292,3566832,NA,2066,1460,NA,NA
"367","QEEG0012",9,1,"noncued","malevoice",2603,NA,NA,2064,3568296,3566832,NA,2064,1464,NA,NA
"368","QEEG0012",9,1,"noncued","malevoice",2603,NA,1,2065.5,3568300,3566832,NA,2065.5,1468,NA,NA
"369","QEEG0012",9,1,"noncued","malevoice",2603,NA,1,2069,3568304,3566832,NA,2069,1472,NA,NA
"370","QEEG0012",9,1,"noncued","malevoice",2603,NA,1,2071,3568308,3566832,NA,2071,1476,NA,NA
"371","QEEG0012",9,1,"noncued","malevoice",2603,NA,1,2067.5,3568312,3566832,NA,2067.5,1480,1480,"Onset"
"372","QEEG0012",9,1,"noncued","malevoice",2603,NA,1,2064,3568316,3566832,NA,2064,1484,NA,NA
"373","QEEG0012",9,1,"noncued","malevoice",2603,NA,1,2061.5,3568320,3566832,NA,2061.5,1488,NA,NA
"374","QEEG0012",9,1,"noncued","malevoice",2603,NA,1,2047.5,3568324,3566832,NA,2047.5,1492,NA,NA
"375","QEEG0012",9,1,"noncued","malevoice",2603,NA,1,2031.5,3568328,3566832,NA,2031.5,1496,NA,NA
"376","QEEG0012",9,1,"noncued","malevoice",2603,NA,1,2022.5,3568332,3566832,NA,2022.5,1500,NA,NA
"377","QEEG0012",9,1,"noncued","malevoice",2603,NA,1,2002.5,3568336,3566832,NA,2002.5,1504,NA,NA
"378","QEEG0012",9,1,"noncued","malevoice",2603,NA,1,1949.5,3568340,3566832,NA,1949.5,1508,NA,NA
"379","QEEG0012",9,1,"noncued","malevoice",2603,NA,1,1821.5,3568344,3566832,NA,1821.5,1512,NA,NA
"380","QEEG0012",9,1,"noncued","malevoice",2603,NA,1,1630.5,3568348,3566832,NA,1630.5,1516,NA,NA
"381","QEEG0012",9,1,"noncued","malevoice",2603,NA,1,1432,3568352,3566832,NA,1432,1520,NA,NA
"382","QEEG0012",9,1,"noncued","malevoice",2603,NA,1,1390,3568356,3566832,NA,1390,1524,NA,NA
"383","QEEG0012",9,1,"noncued","malevoice",2603,1,1,NA,3568360,3566832,NA,0,1528,NA,NA
"384","QEEG0012",9,1,"noncued","malevoice",2603,1,1,NA,3568364,3566832,NA,0,1532,NA,NA
"385","QEEG0012",9,1,"noncued","malevoice",2603,1,1,NA,3568368,3566832,NA,0,1536,NA,NA
"386","QEEG0012",9,1,"noncued","malevoice",2603,1,1,NA,3568372,3566832,NA,0,1540,NA,NA
"387","QEEG0012",9,1,"noncued","malevoice",2603,1,1,NA,3568376,3566832,NA,0,1544,NA,NA
"388","QEEG0012",9,1,"noncued","malevoice",2603,1,1,NA,3568380,3566832,NA,0,1548,NA,NA
"389","QEEG0012",9,1,"noncued","malevoice",2603,1,1,NA,3568384,3566832,NA,0,1552,NA,NA
"390","QEEG0012",9,1,"noncued","malevoice",2603,1,1,NA,3568388,3566832,NA,0,1556,NA,NA
"391","QEEG0012",9,1,"noncued","malevoice",2603,1,1,NA,3568392,3566832,NA,0,1560,NA,NA
"392","QEEG0012",9,1,"noncued","malevoice",2603,1,1,NA,3568396,3566832,NA,0,1564,NA,NA
"393","QEEG0012",9,1,"noncued","malevoice",2603,1,1,NA,3568400,3566832,NA,0,1568,NA,NA
"394","QEEG0012",9,1,"noncued","malevoice",2603,1,1,NA,3568404,3566832,NA,0,1572,NA,NA
"395","QEEG0012",9,1,"noncued","malevoice",2603,1,1,NA,3568408,3566832,NA,0,1576,NA,NA
"396","QEEG0012",9,1,"noncued","malevoice",2603,1,1,NA,3568412,3566832,NA,0,1580,NA,NA
"397","QEEG0012",9,1,"noncued","malevoice",2603,1,1,NA,3568416,3566832,NA,0,1584,NA,NA
"398","QEEG0012",9,1,"noncued","malevoice",2603,1,1,NA,3568420,3566832,NA,0,1588,NA,NA
"399","QEEG0012",9,1,"noncued","malevoice",2603,1,1,NA,3568424,3566832,NA,0,1592,NA,NA
"400","QEEG0012",9,1,"noncued","malevoice",2603,1,1,NA,3568428,3566832,NA,0,1596,NA,NA
"401","QEEG0012",9,1,"noncued","malevoice",2603,1,1,NA,3568432,3566832,NA,0,1600,NA,NA
"402","QEEG0012",9,1,"noncued","malevoice",2603,1,1,NA,3568436,3566832,NA,0,1604,NA,NA
"403","QEEG0012",9,1,"noncued","malevoice",2603,1,1,NA,3568440,3566832,NA,0,1608,NA,NA
"404","QEEG0012",9,1,"noncued","malevoice",2603,1,1,NA,3568444,3566832,NA,0,1612,NA,NA
"405","QEEG0012",9,1,"noncued","malevoice",2603,1,1,NA,3568448,3566832,NA,0,1616,NA,NA
"406","QEEG0012",9,1,"noncued","malevoice",2603,1,1,NA,3568452,3566832,NA,0,1620,NA,NA
"407","QEEG0012",9,1,"noncued","malevoice",2603,1,1,NA,3568456,3566832,NA,0,1624,NA,NA
"408","QEEG0012",9,1,"noncued","malevoice",2603,1,1,NA,3568460,3566832,NA,0,1628,NA,NA
"409","QEEG0012",9,1,"noncued","malevoice",2603,1,1,NA,3568464,3566832,NA,0,1632,NA,NA
"410","QEEG0012",9,1,"noncued","malevoice",2603,NA,1,1354,3568468,3566832,NA,1354,1636,NA,NA
"411","QEEG0012",9,1,"noncued","malevoice",2603,NA,1,1371.5,3568472,3566832,NA,1371.5,1640,NA,NA
"412","QEEG0012",9,1,"noncued","malevoice",2603,NA,1,1433,3568476,3566832,NA,1433,1644,NA,NA
"413","QEEG0012",9,1,"noncued","malevoice",2603,NA,1,1514,3568480,3566832,NA,1514,1648,NA,NA
"414","QEEG0012",9,1,"noncued","malevoice",2603,NA,1,1595,3568484,3566832,NA,1595,1652,NA,NA
"415","QEEG0012",9,1,"noncued","malevoice",2603,NA,1,1657.5,3568488,3566832,NA,1657.5,1656,NA,NA
"416","QEEG0012",9,1,"noncued","malevoice",2603,NA,1,1710,3568492,3566832,NA,1710,1660,NA,NA
"417","QEEG0012",9,1,"noncued","malevoice",2603,NA,1,1762.5,3568496,3566832,NA,1762.5,1664,NA,NA
"418","QEEG0012",9,1,"noncued","malevoice",2603,NA,1,1807.5,3568500,3566832,NA,1807.5,1668,NA,NA
"419","QEEG0012",9,1,"noncued","malevoice",2603,NA,1,1850.5,3568504,3566832,NA,1850.5,1672,NA,NA
"420","QEEG0012",9,1,"noncued","malevoice",2603,NA,1,1886.5,3568508,3566832,NA,1886.5,1676,NA,NA
"421","QEEG0012",9,1,"noncued","malevoice",2603,NA,1,1920.5,3568512,3566832,NA,1920.5,1680,NA,NA
"422","QEEG0012",9,1,"noncued","malevoice",2603,NA,1,1948.5,3568516,3566832,NA,1948.5,1684,NA,NA
"423","QEEG0012",9,1,"noncued","malevoice",2603,NA,1,1970,3568520,3566832,NA,1970,1688,NA,NA
"424","QEEG0012",9,1,"noncued","malevoice",2603,NA,1,1982.5,3568524,3566832,NA,1982.5,1692,NA,NA
"425","QEEG0012",9,1,"noncued","malevoice",2603,NA,NA,1999,3568528,3566832,NA,1999,1696,NA,NA
"426","QEEG0012",9,1,"noncued","malevoice",2603,NA,NA,2011.5,3568532,3566832,NA,2011.5,1700,NA,NA
"427","QEEG0012",9,1,"noncued","malevoice",2603,NA,NA,2019.5,3568536,3566832,NA,2019.5,1704,NA,NA
"428","QEEG0012",9,1,"noncued","malevoice",2603,NA,NA,2023,3568540,3566832,NA,2023,1708,NA,NA
"429","QEEG0012",9,1,"noncued","malevoice",2603,NA,NA,2025,3568544,3566832,NA,2025,1712,NA,NA
"430","QEEG0012",9,1,"noncued","malevoice",2603,NA,NA,2024,3568548,3566832,NA,2024,1716,NA,NA
"431","QEEG0012",9,1,"noncued","malevoice",2603,NA,NA,2023.5,3568552,3566832,NA,2023.5,1720,1720,"Offset"
"432","QEEG0012",9,1,"noncued","malevoice",2603,NA,NA,2024.5,3568556,3566832,NA,2024.5,1724,NA,NA
"433","QEEG0012",9,1,"noncued","malevoice",2603,NA,NA,2025,3568560,3566832,NA,2025,1728,NA,NA
"434","QEEG0012",9,1,"noncued","malevoice",2603,NA,NA,2017.5,3568564,3566832,NA,2017.5,1732,NA,NA
"435","QEEG0012",9,1,"noncued","malevoice",2603,NA,NA,2020,3568568,3566832,NA,2020,1736,NA,NA
"436","QEEG0012",9,1,"noncued","malevoice",2603,NA,1,2023,3568572,3566832,NA,2023,1740,NA,NA
"437","QEEG0012",9,1,"noncued","malevoice",2603,NA,1,2025,3568576,3566832,NA,2025,1744,NA,NA
"438","QEEG0012",9,1,"noncued","malevoice",2603,NA,1,2026,3568580,3566832,NA,2026,1748,NA,NA
"439","QEEG0012",9,1,"noncued","malevoice",2603,NA,1,2030,3568584,3566832,NA,2030,1752,NA,NA
"440","QEEG0012",9,1,"noncued","malevoice",2603,NA,1,2034.5,3568588,3566832,NA,2034.5,1756,NA,NA
"441","QEEG0012",9,1,"noncued","malevoice",2603,NA,1,2035.5,3568592,3566832,NA,2035.5,1760,NA,NA
"442","QEEG0012",9,1,"noncued","malevoice",2603,NA,1,2035,3568596,3566832,NA,2035,1764,NA,NA
"443","QEEG0012",9,1,"noncued","malevoice",2603,NA,1,2039.5,3568600,3566832,NA,2039.5,1768,NA,NA
"444","QEEG0012",9,1,"noncued","malevoice",2603,NA,1,2040.5,3568604,3566832,NA,2040.5,1772,NA,NA
"445","QEEG0012",9,1,"noncued","malevoice",2603,NA,1,2039.5,3568608,3566832,NA,2039.5,1776,NA,NA
"446","QEEG0012",9,1,"noncued","malevoice",2603,NA,1,2039.5,3568612,3566832,NA,2039.5,1780,NA,NA
"447","QEEG0012",9,1,"noncued","malevoice",2603,NA,1,2043.5,3568616,3566832,NA,2043.5,1784,NA,NA
"448","QEEG0012",9,1,"noncued","malevoice",2603,NA,1,2043,3568620,3566832,NA,2043,1788,NA,NA
"449","QEEG0012",9,1,"noncued","malevoice",2603,NA,1,2042,3568624,3566832,NA,2042,1792,NA,NA
"450","QEEG0012",9,1,"noncued","malevoice",2603,NA,1,2043,3568628,3566832,NA,2043,1796,NA,NA
"451","QEEG0012",9,1,"noncued","malevoice",2603,NA,1,2044,3568632,3566832,NA,2044,1800,NA,NA
"452","QEEG0012",9,1,"noncued","malevoice",2603,NA,1,2048,3568636,3566832,NA,2048,1804,NA,NA
"453","QEEG0012",9,1,"noncued","malevoice",2603,NA,1,2049.5,3568640,3566832,NA,2049.5,1808,NA,NA
"454","QEEG0012",9,1,"noncued","malevoice",2603,NA,1,2050,3568644,3566832,NA,2050,1812,NA,NA
"455","QEEG0012",9,1,"noncued","malevoice",2603,NA,1,2051,3568648,3566832,NA,2051,1816,NA,NA
"456","QEEG0012",9,1,"noncued","malevoice",2603,NA,1,2054,3568652,3566832,NA,2054,1820,NA,NA
"457","QEEG0012",9,1,"noncued","malevoice",2603,NA,1,2051.5,3568656,3566832,NA,2051.5,1824,NA,NA
"458","QEEG0012",9,1,"noncued","malevoice",2603,NA,1,2052.5,3568660,3566832,NA,2052.5,1828,NA,NA
"459","QEEG0012",9,1,"noncued","malevoice",2603,NA,1,2055.5,3568664,3566832,NA,2055.5,1832,NA,NA
"460","QEEG0012",9,1,"noncued","malevoice",2603,NA,NA,2052.5,3568668,3566832,NA,2052.5,1836,NA,NA
"461","QEEG0012",9,1,"noncued","malevoice",2603,NA,NA,2052.5,3568672,3566832,NA,2052.5,1840,NA,NA
"462","QEEG0012",9,1,"noncued","malevoice",2603,NA,NA,2056,3568676,3566832,NA,2056,1844,NA,NA
"463","QEEG0012",9,1,"noncued","malevoice",2603,NA,NA,2054.5,3568680,3566832,NA,2054.5,1848,NA,NA
"464","QEEG0012",9,1,"noncued","malevoice",2603,NA,NA,2054.5,3568684,3566832,NA,2054.5,1852,NA,NA
"465","QEEG0012",9,1,"noncued","malevoice",2603,NA,NA,2056,3568688,3566832,NA,2056,1856,NA,NA
"466","QEEG0012",9,1,"noncued","malevoice",2603,NA,NA,2056.5,3568692,3566832,NA,2056.5,1860,NA,NA
"467","QEEG0012",9,1,"noncued","malevoice",2603,NA,NA,2056.5,3568696,3566832,NA,2056.5,1864,NA,NA
"468","QEEG0012",9,1,"noncued","malevoice",2603,NA,NA,2058,3568700,3566832,NA,2058,1868,NA,NA
"469","QEEG0012",9,1,"noncued","malevoice",2603,NA,NA,2063.5,3568704,3566832,NA,2063.5,1872,NA,NA
"470","QEEG0012",9,1,"noncued","malevoice",2603,NA,NA,2064,3568708,3566832,NA,2064,1876,NA,NA
"471","QEEG0012",9,1,"noncued","malevoice",2603,NA,NA,2060,3568712,3566832,NA,2060,1880,NA,NA
"472","QEEG0012",9,1,"noncued","malevoice",2603,NA,NA,2058,3568716,3566832,NA,2058,1884,NA,NA
"473","QEEG0012",9,1,"noncued","malevoice",2603,NA,NA,2065,3568720,3566832,NA,2065,1888,NA,NA
"474","QEEG0012",9,1,"noncued","malevoice",2603,NA,NA,2067,3568724,3566832,NA,2067,1892,NA,NA
"475","QEEG0012",9,1,"noncued","malevoice",2603,NA,NA,2069,3568728,3566832,NA,2069,1896,NA,NA
"476","QEEG0012",9,1,"noncued","malevoice",2603,NA,NA,2073.5,3568732,3566832,NA,2073.5,1900,NA,NA
"477","QEEG0012",9,1,"noncued","malevoice",2603,NA,NA,2067,3568736,3566832,NA,2067,1904,NA,NA
"478","QEEG0012",9,1,"noncued","malevoice",2603,NA,NA,2066.5,3568740,3566832,NA,2066.5,1908,NA,NA
"479","QEEG0012",9,1,"noncued","malevoice",2603,NA,NA,2067.5,3568744,3566832,NA,2067.5,1912,NA,NA
"480","QEEG0012",9,1,"noncued","malevoice",2603,NA,NA,2071,3568748,3566832,NA,2071,1916,NA,NA
"481","QEEG0012",9,1,"noncued","malevoice",2603,NA,NA,2072.5,3568752,3566832,NA,2072.5,1920,NA,NA
"482","QEEG0012",9,1,"noncued","malevoice",2603,NA,NA,2076,3568756,3566832,NA,2076,1924,NA,NA
"483","QEEG0012",9,1,"noncued","malevoice",2603,NA,NA,2075.5,3568760,3566832,NA,2075.5,1928,NA,NA
"484","QEEG0012",9,1,"noncued","malevoice",2603,NA,NA,2075,3568764,3566832,NA,2075,1932,NA,NA
"485","QEEG0012",9,1,"noncued","malevoice",2603,NA,NA,2078,3568768,3566832,NA,2078,1936,NA,NA
"486","QEEG0012",9,1,"noncued","malevoice",2603,NA,NA,2077.5,3568772,3566832,NA,2077.5,1940,NA,NA
"487","QEEG0012",9,1,"noncued","malevoice",2603,NA,NA,2078,3568776,3566832,NA,2078,1944,NA,NA
"488","QEEG0012",9,1,"noncued","malevoice",2603,NA,NA,2080,3568780,3566832,NA,2080,1948,NA,NA
"489","QEEG0012",9,1,"noncued","malevoice",2603,NA,NA,2081.5,3568784,3566832,NA,2081.5,1952,NA,NA
"490","QEEG0012",9,1,"noncued","malevoice",2603,NA,NA,2080.5,3568788,3566832,NA,2080.5,1956,NA,NA
"491","QEEG0012",9,1,"noncued","malevoice",2603,NA,NA,2082,3568792,3566832,NA,2082,1960,NA,NA
"492","QEEG0012",9,1,"noncued","malevoice",2603,NA,NA,2082.5,3568796,3566832,NA,2082.5,1964,NA,NA
"493","QEEG0012",9,1,"noncued","malevoice",2603,NA,NA,2083,3568800,3566832,NA,2083,1968,NA,NA
"494","QEEG0012",9,1,"noncued","malevoice",2603,NA,NA,2083,3568804,3566832,NA,2083,1972,NA,NA
"495","QEEG0012",9,1,"noncued","malevoice",2603,NA,NA,2081.5,3568808,3566832,NA,2081.5,1976,NA,NA
"496","QEEG0012",9,1,"noncued","malevoice",2603,NA,NA,2085,3568812,3566832,NA,2085,1980,NA,NA
"497","QEEG0012",9,1,"noncued","malevoice",2603,NA,1,2088,3568816,3566832,NA,2088,1984,NA,NA
"498","QEEG0012",9,1,"noncued","malevoice",2603,NA,1,2093,3568820,3566832,NA,2093,1988,NA,NA
"499","QEEG0012",9,1,"noncued","malevoice",2603,NA,1,2095.5,3568824,3566832,NA,2095.5,1992,NA,NA
"500","QEEG0012",9,1,"noncued","malevoice",2603,NA,1,2098,3568828,3566832,NA,2098,1996,NA,NA
"501","QEEG0012",9,1,"noncued","malevoice",2603,NA,1,2102,3568832,3566832,NA,2102,2000,NA,NA
"502","QEEG0012",9,1,"noncued","malevoice",2603,NA,1,2100,3568836,3566832,NA,2100,2004,NA,NA
"503","QEEG0012",9,1,"noncued","malevoice",2603,NA,NA,2098,3568840,3566832,NA,2098,2008,NA,NA
"504","QEEG0012",9,1,"noncued","malevoice",2603,NA,NA,2094,3568844,3566832,NA,2094,2012,NA,NA
"505","QEEG0012",9,1,"noncued","malevoice",2603,NA,NA,2094,3568848,3566832,NA,2094,2016,NA,NA
"506","QEEG0012",9,1,"noncued","malevoice",2603,NA,NA,2095.5,3568852,3566832,NA,2095.5,2020,NA,NA
"507","QEEG0012",9,1,"noncued","malevoice",2603,NA,NA,2098,3568856,3566832,NA,2098,2024,NA,NA
"508","QEEG0012",9,1,"noncued","malevoice",2603,NA,NA,2097,3568860,3566832,NA,2097,2028,NA,NA
"509","QEEG0012",9,1,"noncued","malevoice",2603,NA,NA,2098,3568864,3566832,NA,2098,2032,NA,NA
"510","QEEG0012",9,1,"noncued","malevoice",2603,NA,NA,2098,3568868,3566832,NA,2098,2036,NA,NA
"511","QEEG0012",9,1,"noncued","malevoice",2603,NA,NA,2100.5,3568872,3566832,NA,2100.5,2040,NA,NA
"512","QEEG0012",9,1,"noncued","malevoice",2603,NA,NA,2105.5,3568876,3566832,NA,2105.5,2044,NA,NA
"513","QEEG0012",9,1,"noncued","malevoice",2603,NA,NA,2106.5,3568880,3566832,NA,2106.5,2048,NA,NA
"514","QEEG0012",9,1,"noncued","malevoice",2603,NA,NA,2106.5,3568884,3566832,NA,2106.5,2052,NA,NA
"515","QEEG0012",9,1,"noncued","malevoice",2603,NA,NA,2106.5,3568888,3566832,NA,2106.5,2056,NA,NA
"516","QEEG0012",9,1,"noncued","malevoice",2603,NA,NA,2106.5,3568892,3566832,NA,2106.5,2060,NA,NA
"517","QEEG0012",9,1,"noncued","malevoice",2603,NA,NA,2105,3568896,3566832,NA,2105,2064,NA,NA
"518","QEEG0012",9,1,"noncued","malevoice",2603,NA,NA,2109,3568900,3566832,NA,2109,2068,NA,NA
"519","QEEG0012",9,1,"noncued","malevoice",2603,NA,NA,2111,3568904,3566832,NA,2111,2072,NA,NA
"520","QEEG0012",9,1,"noncued","malevoice",2603,NA,NA,2109.5,3568908,3566832,NA,2109.5,2076,NA,NA
"521","QEEG0012",9,1,"noncued","malevoice",2603,NA,NA,2108.5,3568912,3566832,NA,2108.5,2080,NA,NA
"522","QEEG0012",9,1,"noncued","malevoice",2603,NA,NA,2108,3568916,3566832,NA,2108,2084,NA,NA
"523","QEEG0012",9,1,"noncued","malevoice",2603,NA,NA,2108,3568920,3566832,NA,2108,2088,NA,NA
"524","QEEG0012",9,1,"noncued","malevoice",2603,NA,NA,2108,3568924,3566832,NA,2108,2092,NA,NA
"525","QEEG0012",9,1,"noncued","malevoice",2603,NA,NA,2107.5,3568928,3566832,NA,2107.5,2096,NA,NA
"526","QEEG0012",9,1,"noncued","malevoice",2603,NA,NA,2106,3568932,3566832,NA,2106,2100,NA,NA
"527","QEEG0012",9,1,"noncued","malevoice",2603,NA,NA,2104,3568936,3566832,NA,2104,2104,NA,NA
"528","QEEG0012",9,1,"noncued","malevoice",2603,NA,NA,2104,3568940,3566832,NA,2104,2108,NA,NA
"529","QEEG0012",9,1,"noncued","malevoice",2603,NA,NA,2104,3568944,3566832,NA,2104,2112,NA,NA
"530","QEEG0012",9,1,"noncued","malevoice",2603,NA,NA,2105.5,3568948,3566832,NA,2105.5,2116,NA,NA
"531","QEEG0012",9,1,"noncued","malevoice",2603,NA,NA,2105,3568952,3566832,NA,2105,2120,NA,NA
"532","QEEG0012",9,1,"noncued","malevoice",2603,NA,NA,2104,3568956,3566832,NA,2104,2124,NA,NA
"533","QEEG0012",9,1,"noncued","malevoice",2603,NA,NA,2103.5,3568960,3566832,NA,2103.5,2128,NA,NA
"534","QEEG0012",9,1,"noncued","malevoice",2603,NA,NA,2105,3568964,3566832,NA,2105,2132,NA,NA
"535","QEEG0012",9,1,"noncued","malevoice",2603,NA,NA,2106,3568968,3566832,NA,2106,2136,NA,NA
"536","QEEG0012",9,1,"noncued","malevoice",2603,NA,NA,2106.5,3568972,3566832,NA,2106.5,2140,NA,NA
"537","QEEG0012",9,1,"noncued","malevoice",2603,NA,NA,2106,3568976,3566832,NA,2106,2144,NA,NA
"538","QEEG0012",9,1,"noncued","malevoice",2603,NA,NA,2105.5,3568980,3566832,NA,2105.5,2148,NA,NA
"539","QEEG0012",9,1,"noncued","malevoice",2603,NA,NA,2107,3568984,3566832,NA,2107,2152,NA,NA
"540","QEEG0012",9,1,"noncued","malevoice",2603,NA,NA,2106.5,3568988,3566832,NA,2106.5,2156,NA,NA
"541","QEEG0012",9,1,"noncued","malevoice",2603,NA,NA,2106,3568992,3566832,NA,2106,2160,NA,NA
"542","QEEG0012",9,1,"noncued","malevoice",2603,NA,NA,2103.5,3568996,3566832,NA,2103.5,2164,NA,NA
"543","QEEG0012",9,1,"noncued","malevoice",2603,NA,NA,2102,3569000,3566832,NA,2102,2168,NA,NA
"544","QEEG0012",9,1,"noncued","malevoice",2603,NA,NA,2101,3569004,3566832,NA,2101,2172,NA,NA
"545","QEEG0012",9,1,"noncued","malevoice",2603,NA,NA,2098.5,3569008,3566832,NA,2098.5,2176,NA,NA
"546","QEEG0012",9,1,"noncued","malevoice",2603,NA,NA,2098.5,3569012,3566832,NA,2098.5,2180,NA,NA
"547","QEEG0012",9,1,"noncued","malevoice",2603,NA,NA,2099,3569016,3566832,NA,2099,2184,NA,NA
"548","QEEG0012",9,1,"noncued","malevoice",2603,NA,NA,2095,3569020,3566832,NA,2095,2188,NA,NA
"549","QEEG0012",9,1,"noncued","malevoice",2603,NA,NA,2094.5,3569024,3566832,NA,2094.5,2192,NA,NA
"550","QEEG0012",9,1,"noncued","malevoice",2603,NA,NA,2095.5,3569028,3566832,NA,2095.5,2196,NA,NA
"551","QEEG0012",9,1,"noncued","malevoice",2603,NA,NA,2094.5,3569032,3566832,NA,2094.5,2200,NA,NA
"552","QEEG0012",9,1,"noncued","malevoice",2603,NA,NA,2093,3569036,3566832,NA,2093,2204,NA,NA
"553","QEEG0012",9,1,"noncued","malevoice",2603,NA,NA,2093,3569040,3566832,NA,2093,2208,NA,NA
"554","QEEG0012",9,1,"noncued","malevoice",2603,NA,NA,2092.5,3569044,3566832,NA,2092.5,2212,NA,NA
"555","QEEG0012",9,1,"noncued","malevoice",2603,NA,NA,2093.5,3569048,3566832,NA,2093.5,2216,NA,NA
"556","QEEG0012",9,1,"noncued","malevoice",2603,NA,NA,2098,3569052,3566832,NA,2098,2220,NA,NA
"557","QEEG0012",9,1,"noncued","malevoice",2603,NA,NA,2098.5,3569056,3566832,NA,2098.5,2224,NA,NA
"558","QEEG0012",9,1,"noncued","malevoice",2603,NA,NA,2096.5,3569060,3566832,NA,2096.5,2228,NA,NA
"559","QEEG0012",9,1,"noncued","malevoice",2603,NA,NA,2094,3569064,3566832,NA,2094,2232,NA,NA
"560","QEEG0012",9,1,"noncued","malevoice",2603,NA,NA,2094,3569068,3566832,NA,2094,2236,NA,NA
"561","QEEG0012",9,1,"noncued","malevoice",2603,NA,NA,2094,3569072,3566832,NA,2094,2240,NA,NA
"562","QEEG0012",9,1,"noncued","malevoice",2603,NA,NA,2091.5,3569076,3566832,NA,2091.5,2244,NA,NA
"563","QEEG0012",9,1,"noncued","malevoice",2603,NA,NA,2086,3569080,3566832,NA,2086,2248,NA,NA
"564","QEEG0012",9,1,"noncued","malevoice",2603,NA,NA,2088,3569084,3566832,NA,2088,2252,NA,NA
"565","QEEG0012",9,1,"noncued","malevoice",2603,NA,NA,2093,3569088,3566832,NA,2093,2256,NA,NA
"566","QEEG0012",9,1,"noncued","malevoice",2603,NA,NA,2093,3569092,3566832,NA,2093,2260,NA,NA
"567","QEEG0012",9,1,"noncued","malevoice",2603,NA,NA,2088,3569096,3566832,NA,2088,2264,NA,NA
"568","QEEG0012",9,1,"noncued","malevoice",2603,NA,NA,2086,3569100,3566832,NA,2086,2268,NA,NA
"569","QEEG0012",9,1,"noncued","malevoice",2603,NA,NA,2086,3569104,3566832,NA,2086,2272,NA,NA
"570","QEEG0012",9,1,"noncued","malevoice",2603,NA,NA,2084.5,3569108,3566832,NA,2084.5,2276,NA,NA
"571","QEEG0012",9,1,"noncued","malevoice",2603,NA,NA,2084,3569112,3566832,NA,2084,2280,NA,NA
"572","QEEG0012",9,1,"noncued","malevoice",2603,NA,NA,2082.5,3569116,3566832,NA,2082.5,2284,NA,NA
"573","QEEG0012",9,1,"noncued","malevoice",2603,NA,NA,2082,3569120,3566832,NA,2082,2288,NA,NA
"574","QEEG0012",9,1,"noncued","malevoice",2603,NA,NA,2083,3569124,3566832,NA,2083,2292,NA,NA
"575","QEEG0012",9,1,"noncued","malevoice",2603,NA,NA,2083.5,3569128,3566832,NA,2083.5,2296,NA,NA
"576","QEEG0012",9,1,"noncued","malevoice",2603,NA,NA,2083.5,3569132,3566832,NA,2083.5,2300,NA,NA
"577","QEEG0012",9,1,"noncued","malevoice",2603,NA,NA,2085.5,3569136,3566832,NA,2085.5,2304,NA,NA
"578","QEEG0012",9,1,"noncued","malevoice",2603,NA,NA,2087,3569140,3566832,NA,2087,2308,NA,NA
"579","QEEG0012",9,1,"noncued","malevoice",2603,NA,NA,2089,3569144,3566832,NA,2089,2312,NA,NA
"580","QEEG0012",9,1,"noncued","malevoice",2603,NA,NA,2090,3569148,3566832,NA,2090,2316,NA,NA
"581","QEEG0012",9,1,"noncued","malevoice",2603,NA,1,2090.5,3569152,3566832,NA,2090.5,2320,NA,NA
"582","QEEG0012",9,1,"noncued","malevoice",2603,NA,1,2092,3569156,3566832,NA,2092,2324,NA,NA
"583","QEEG0012",9,1,"noncued","malevoice",2603,NA,1,2087.5,3569160,3566832,NA,2087.5,2328,NA,NA
"584","QEEG0012",9,1,"noncued","malevoice",2603,NA,1,2085,3569164,3566832,NA,2085,2332,NA,NA
"585","QEEG0012",9,1,"noncued","malevoice",2603,NA,NA,2084,3569168,3566832,NA,2084,2336,NA,NA
"586","QEEG0012",9,1,"noncued","malevoice",2603,NA,NA,2084,3569172,3566832,NA,2084,2340,NA,NA
"587","QEEG0012",9,1,"noncued","malevoice",2603,NA,NA,2085.5,3569176,3566832,NA,2085.5,2344,NA,NA
"588","QEEG0012",9,1,"noncued","malevoice",2603,NA,NA,2087.5,3569180,3566832,NA,2087.5,2348,NA,NA
"589","QEEG0012",9,1,"noncued","malevoice",2603,NA,NA,2087,3569184,3566832,NA,2087,2352,NA,NA
"590","QEEG0012",9,1,"noncued","malevoice",2603,NA,NA,2088,3569188,3566832,NA,2088,2356,NA,NA
"591","QEEG0012",9,1,"noncued","malevoice",2603,NA,NA,2088,3569192,3566832,NA,2088,2360,NA,NA
"592","QEEG0012",9,1,"noncued","malevoice",2603,NA,NA,2087.5,3569196,3566832,NA,2087.5,2364,NA,NA
"593","QEEG0012",9,1,"noncued","malevoice",2603,NA,NA,2087,3569200,3566832,NA,2087,2368,NA,NA
"594","QEEG0012",9,1,"noncued","malevoice",2603,NA,NA,2087,3569204,3566832,NA,2087,2372,NA,NA
"595","QEEG0012",9,1,"noncued","malevoice",2603,NA,NA,2087,3569208,3566832,NA,2087,2376,NA,NA
"596","QEEG0012",9,1,"noncued","malevoice",2603,NA,NA,2087.5,3569212,3566832,NA,2087.5,2380,NA,NA
"597","QEEG0012",9,1,"noncued","malevoice",2603,NA,NA,2090,3569216,3566832,NA,2090,2384,NA,NA
"598","QEEG0012",9,1,"noncued","malevoice",2603,NA,NA,2088,3569220,3566832,NA,2088,2388,NA,NA
"599","QEEG0012",9,1,"noncued","malevoice",2603,NA,NA,2092,3569224,3566832,NA,2092,2392,NA,NA
"600","QEEG0012",9,1,"noncued","malevoice",2603,NA,NA,2093.5,3569228,3566832,NA,2093.5,2396,NA,NA
"601","QEEG0012",9,1,"noncued","malevoice",2603,NA,NA,2092.5,3569232,3566832,NA,2092.5,2400,NA,NA
"602","QEEG0012",9,1,"noncued","malevoice",2603,NA,NA,2090.5,3569236,3566832,NA,2090.5,2404,NA,NA
"603","QEEG0012",9,1,"noncued","malevoice",2603,NA,NA,2086.5,3569240,3566832,NA,2086.5,2408,NA,NA
"604","QEEG0012",9,1,"noncued","malevoice",2603,NA,NA,2084,3569244,3566832,NA,2084,2412,NA,NA
"605","QEEG0012",9,1,"noncued","malevoice",2603,NA,NA,2084.5,3569248,3566832,NA,2084.5,2416,NA,NA
"606","QEEG0012",9,1,"noncued","malevoice",2603,NA,NA,2086,3569252,3566832,NA,2086,2420,NA,NA
"607","QEEG0012",9,1,"noncued","malevoice",2603,NA,NA,2086.5,3569256,3566832,NA,2086.5,2424,NA,NA
"608","QEEG0012",9,1,"noncued","malevoice",2603,NA,NA,2088.5,3569260,3566832,NA,2088.5,2428,NA,NA
"609","QEEG0012",9,1,"noncued","malevoice",2603,NA,NA,2090.5,3569264,3566832,NA,2090.5,2432,NA,NA
"610","QEEG0012",9,1,"noncued","malevoice",2603,NA,NA,2088,3569268,3566832,NA,2088,2436,NA,NA
"611","QEEG0012",9,1,"noncued","malevoice",2603,NA,NA,2090.5,3569272,3566832,NA,2090.5,2440,NA,NA
"612","QEEG0012",9,1,"noncued","malevoice",2603,NA,NA,2092,3569276,3566832,NA,2092,2444,NA,NA
"613","QEEG0012",9,1,"noncued","malevoice",2603,NA,NA,2090.5,3569280,3566832,NA,2090.5,2448,NA,NA
"614","QEEG0012",9,1,"noncued","malevoice",2603,NA,NA,2088,3569284,3566832,NA,2088,2452,NA,NA
"615","QEEG0012",9,1,"noncued","malevoice",2603,NA,NA,2089,3569288,3566832,NA,2089,2456,NA,NA
"616","QEEG0012",9,1,"noncued","malevoice",2603,NA,NA,2088,3569292,3566832,NA,2088,2460,NA,NA
"617","QEEG0012",9,1,"noncued","malevoice",2603,NA,NA,2088,3569296,3566832,NA,2088,2464,NA,NA
"618","QEEG0012",9,1,"noncued","malevoice",2603,NA,NA,2090.5,3569300,3566832,NA,2090.5,2468,NA,NA
"619","QEEG0012",9,1,"noncued","malevoice",2603,NA,NA,2093,3569304,3566832,NA,2093,2472,NA,NA
"620","QEEG0012",9,1,"noncued","malevoice",2603,NA,NA,2090,3569308,3566832,NA,2090,2476,NA,NA
"621","QEEG0012",9,1,"noncued","malevoice",2603,NA,NA,2092.5,3569312,3566832,NA,2092.5,2480,NA,NA
"622","QEEG0012",9,1,"noncued","malevoice",2603,NA,NA,2093.5,3569316,3566832,NA,2093.5,2484,NA,NA
"623","QEEG0012",9,1,"noncued","malevoice",2603,NA,NA,2092,3569320,3566832,NA,2092,2488,NA,NA
"624","QEEG0012",9,1,"noncued","malevoice",2603,NA,NA,2088,3569324,3566832,NA,2088,2492,NA,NA
"625","QEEG0012",9,1,"noncued","malevoice",2603,NA,NA,2086.5,3569328,3566832,NA,2086.5,2496,NA,NA
"626","QEEG0012",9,1,"noncued","malevoice",2603,NA,NA,2088.5,3569332,3566832,NA,2088.5,2500,NA,NA
"627","QEEG0012",9,1,"noncued","malevoice",2603,NA,NA,2090,3569336,3566832,NA,2090,2504,NA,NA
"628","QEEG0012",9,1,"noncued","malevoice",2603,NA,NA,2092,3569340,3566832,NA,2092,2508,NA,NA
"629","QEEG0012",9,1,"noncued","malevoice",2603,NA,NA,2094,3569344,3566832,NA,2094,2512,NA,NA
"630","QEEG0012",9,1,"noncued","malevoice",2603,NA,NA,2090,3569348,3566832,NA,2090,2516,NA,NA
"631","QEEG0012",9,1,"noncued","malevoice",2603,NA,NA,2090.5,3569352,3566832,NA,2090.5,2520,NA,NA
"632","QEEG0012",9,1,"noncued","malevoice",2603,NA,NA,2092.5,3569356,3566832,NA,2092.5,2524,NA,NA
"633","QEEG0012",9,1,"noncued","malevoice",2603,NA,NA,2091,3569360,3566832,NA,2091,2528,NA,NA
"634","QEEG0012",9,1,"noncued","malevoice",2603,NA,NA,2090.5,3569364,3566832,NA,2090.5,2532,NA,NA
"635","QEEG0012",9,1,"noncued","malevoice",2603,NA,NA,2091,3569368,3566832,NA,2091,2536,NA,NA
"636","QEEG0012",9,1,"noncued","malevoice",2603,NA,NA,2091,3569372,3566832,NA,2091,2540,NA,NA
"637","QEEG0012",9,1,"noncued","malevoice",2603,NA,NA,2092.5,3569376,3566832,NA,2092.5,2544,NA,NA
"638","QEEG0012",9,1,"noncued","malevoice",2603,NA,NA,2090,3569380,3566832,NA,2090,2548,NA,NA
"639","QEEG0012",9,1,"noncued","malevoice",2603,NA,NA,2083,3569384,3566832,NA,2083,2552,NA,NA
"640","QEEG0012",9,1,"noncued","malevoice",2603,NA,NA,2088.5,3569388,3566832,NA,2088.5,2556,NA,NA
"641","QEEG0012",9,1,"noncued","malevoice",2603,NA,NA,2089,3569392,3566832,NA,2089,2560,NA,NA
"642","QEEG0012",9,1,"noncued","malevoice",2603,NA,NA,2087.5,3569396,3566832,NA,2087.5,2564,NA,NA
"643","QEEG0012",9,1,"noncued","malevoice",2603,NA,NA,2087,3569400,3566832,NA,2087,2568,NA,NA
"644","QEEG0012",9,1,"noncued","malevoice",2603,NA,NA,2087.5,3569404,3566832,NA,2087.5,2572,NA,NA
"645","QEEG0012",9,1,"noncued","malevoice",2603,NA,NA,2087.5,3569408,3566832,NA,2087.5,2576,NA,NA
"646","QEEG0012",9,1,"noncued","malevoice",2603,NA,NA,2086,3569412,3566832,NA,2086,2580,NA,NA
"647","QEEG0012",9,1,"noncued","malevoice",2603,NA,1,2088,3569416,3566832,NA,2088,2584,2584,"Onset"
"648","QEEG0012",9,1,"noncued","malevoice",2603,NA,1,2085,3569420,3566832,NA,2085,2588,NA,NA
"649","QEEG0012",9,1,"noncued","malevoice",2603,NA,1,2080.5,3569424,3566832,NA,2080.5,2592,NA,NA
"650","QEEG0012",9,1,"noncued","malevoice",2603,NA,1,2078.5,3569428,3566832,NA,2078.5,2596,NA,NA
"651","QEEG0012",9,1,"noncued","malevoice",2603,NA,1,2072,3569432,3566832,NA,2072,2600,NA,NA
"652","QEEG0012",9,1,"noncued","malevoice",2603,NA,1,2060.5,3569436,3566832,NA,2060.5,2604,NA,NA
"653","QEEG0012",9,1,"noncued","malevoice",2603,NA,1,2048.5,3569440,3566832,NA,2048.5,2608,NA,NA
"654","QEEG0012",9,1,"noncued","malevoice",2603,NA,1,2017,3569444,3566832,NA,2017,2612,NA,NA
"655","QEEG0012",9,1,"noncued","malevoice",2603,NA,1,1908,3569448,3566832,NA,1908,2616,NA,NA
"656","QEEG0012",9,1,"noncued","malevoice",2603,NA,1,1721,3569452,3566832,NA,1721,2620,NA,NA
"657","QEEG0012",9,1,"noncued","malevoice",2603,NA,1,1502.5,3569456,3566832,NA,1502.5,2624,NA,NA
"658","QEEG0012",9,1,"noncued","malevoice",2603,NA,1,1448.5,3569460,3566832,NA,1448.5,2628,NA,NA
"659","QEEG0012",9,1,"noncued","malevoice",2603,1,1,NA,3569464,3566832,NA,0,2632,NA,NA
"660","QEEG0012",9,1,"noncued","malevoice",2603,1,1,NA,3569468,3566832,NA,0,2636,NA,NA
"661","QEEG0012",9,1,"noncued","malevoice",2603,1,1,NA,3569472,3566832,NA,0,2640,NA,NA
"662","QEEG0012",9,1,"noncued","malevoice",2603,1,1,NA,3569476,3566832,NA,0,2644,NA,NA
"663","QEEG0012",9,1,"noncued","malevoice",2603,1,1,NA,3569480,3566832,NA,0,2648,NA,NA
"664","QEEG0012",9,1,"noncued","malevoice",2603,1,1,NA,3569484,3566832,NA,0,2652,NA,NA
"665","QEEG0012",9,1,"noncued","malevoice",2603,1,1,NA,3569488,3566832,NA,0,2656,NA,NA
"666","QEEG0012",9,1,"noncued","malevoice",2603,1,1,NA,3569492,3566832,NA,0,2660,NA,NA
"667","QEEG0012",9,1,"noncued","malevoice",2603,1,1,NA,3569496,3566832,NA,0,2664,NA,NA
"668","QEEG0012",9,1,"noncued","malevoice",2603,1,1,NA,3569500,3566832,NA,0,2668,NA,NA
"669","QEEG0012",9,1,"noncued","malevoice",2603,1,1,NA,3569504,3566832,NA,0,2672,NA,NA
"670","QEEG0012",9,1,"noncued","malevoice",2603,1,1,NA,3569508,3566832,NA,0,2676,NA,NA
"671","QEEG0012",9,1,"noncued","malevoice",2603,1,1,NA,3569512,3566832,NA,0,2680,NA,NA
"672","QEEG0012",9,1,"noncued","malevoice",2603,1,1,NA,3569516,3566832,NA,0,2684,NA,NA
"673","QEEG0012",9,1,"noncued","malevoice",2603,1,1,NA,3569520,3566832,NA,0,2688,NA,NA
"674","QEEG0012",9,1,"noncued","malevoice",2603,1,1,NA,3569524,3566832,NA,0,2692,NA,NA
"675","QEEG0012",9,1,"noncued","malevoice",2603,1,1,NA,3569528,3566832,NA,0,2696,NA,NA
"676","QEEG0012",9,1,"noncued","malevoice",2603,1,1,NA,3569532,3566832,NA,0,2700,NA,NA
"677","QEEG0012",9,1,"noncued","malevoice",2603,1,1,NA,3569536,3566832,NA,0,2704,NA,NA
"678","QEEG0012",9,1,"noncued","malevoice",2603,1,1,NA,3569540,3566832,NA,0,2708,NA,NA
"679","QEEG0012",9,1,"noncued","malevoice",2603,1,1,NA,3569544,3566832,NA,0,2712,NA,NA
"680","QEEG0012",9,1,"noncued","malevoice",2603,1,1,NA,3569548,3566832,NA,0,2716,NA,NA
"681","QEEG0012",9,1,"noncued","malevoice",2603,1,1,NA,3569552,3566832,NA,0,2720,NA,NA
"682","QEEG0012",9,1,"noncued","malevoice",2603,1,1,NA,3569556,3566832,NA,0,2724,NA,NA
"683","QEEG0012",9,1,"noncued","malevoice",2603,1,1,NA,3569560,3566832,NA,0,2728,NA,NA
"684","QEEG0012",9,1,"noncued","malevoice",2603,1,1,NA,3569564,3566832,NA,0,2732,NA,NA
"685","QEEG0012",9,1,"noncued","malevoice",2603,1,1,NA,3569568,3566832,NA,0,2736,NA,NA
"686","QEEG0012",9,1,"noncued","malevoice",2603,1,1,NA,3569572,3566832,NA,0,2740,NA,NA
"687","QEEG0012",9,1,"noncued","malevoice",2603,NA,1,1307.5,3569576,3566832,NA,1307.5,2744,NA,NA
"688","QEEG0012",9,1,"noncued","malevoice",2603,NA,1,1325.5,3569580,3566832,NA,1325.5,2748,NA,NA
"689","QEEG0012",9,1,"noncued","malevoice",2603,NA,1,1406.5,3569584,3566832,NA,1406.5,2752,NA,NA
"690","QEEG0012",9,1,"noncued","malevoice",2603,NA,1,1477.5,3569588,3566832,NA,1477.5,2756,NA,NA
"691","QEEG0012",9,1,"noncued","malevoice",2603,NA,1,1549.5,3569592,3566832,NA,1549.5,2760,NA,NA
"692","QEEG0012",9,1,"noncued","malevoice",2603,NA,1,1604,3569596,3566832,NA,1604,2764,NA,NA
"693","QEEG0012",9,1,"noncued","malevoice",2603,NA,1,1653,3569600,3566832,NA,1653,2768,NA,NA
"694","QEEG0012",9,1,"noncued","malevoice",2603,NA,1,1703.5,3569604,3566832,NA,1703.5,2772,NA,NA
"695","QEEG0012",9,1,"noncued","malevoice",2603,NA,1,1756.5,3569608,3566832,NA,1756.5,2776,NA,NA
"696","QEEG0012",9,1,"noncued","malevoice",2603,NA,1,1798.5,3569612,3566832,NA,1798.5,2780,NA,NA
"697","QEEG0012",9,1,"noncued","malevoice",2603,NA,1,1833.5,3569616,3566832,NA,1833.5,2784,NA,NA
"698","QEEG0012",9,1,"noncued","malevoice",2603,NA,1,1861,3569620,3566832,NA,1861,2788,NA,NA
"699","QEEG0012",9,1,"noncued","malevoice",2603,NA,1,1891,3569624,3566832,NA,1891,2792,NA,NA
"700","QEEG0012",9,1,"noncued","malevoice",2603,NA,1,1916.5,3569628,3566832,NA,1916.5,2796,NA,NA
"701","QEEG0012",9,1,"noncued","malevoice",2603,NA,1,1943,3569632,3566832,NA,1943,2800,NA,NA
"702","QEEG0012",9,1,"noncued","malevoice",2603,NA,1,1967.5,3569636,3566832,NA,1967.5,2804,NA,NA
"703","QEEG0012",9,1,"noncued","malevoice",2603,NA,1,1982.5,3569640,3566832,NA,1982.5,2808,NA,NA
"704","QEEG0012",9,1,"noncued","malevoice",2603,NA,1,1993.5,3569644,3566832,NA,1993.5,2812,NA,NA
"705","QEEG0012",9,1,"noncued","malevoice",2603,NA,1,2005.5,3569648,3566832,NA,2005.5,2816,NA,NA
"706","QEEG0012",9,1,"noncued","malevoice",2603,NA,1,2018,3569652,3566832,NA,2018,2820,NA,NA
"707","QEEG0012",9,1,"noncued","malevoice",2603,NA,1,2034,3569656,3566832,NA,2034,2824,NA,NA
"708","QEEG0012",9,1,"noncued","malevoice",2603,NA,1,2036,3569660,3566832,NA,2036,2828,NA,NA
"709","QEEG0012",9,1,"noncued","malevoice",2603,NA,1,2043.5,3569664,3566832,NA,2043.5,2832,NA,NA
"710","QEEG0012",9,1,"noncued","malevoice",2603,NA,1,2053,3569668,3566832,NA,2053,2836,NA,NA
"711","QEEG0012",9,1,"noncued","malevoice",2603,NA,1,2055.5,3569672,3566832,NA,2055.5,2840,NA,NA
"712","QEEG0012",9,1,"noncued","malevoice",2603,NA,1,2055.5,3569676,3566832,NA,2055.5,2844,NA,NA
"713","QEEG0012",9,1,"noncued","malevoice",2603,NA,1,2053.5,3569680,3566832,NA,2053.5,2848,2848,"Offset"
"714","QEEG0012",9,1,"noncued","malevoice",2603,NA,1,2053,3569684,3566832,NA,2053,2852,NA,NA
"715","QEEG0012",9,1,"noncued","malevoice",2603,NA,1,2051.5,3569688,3566832,NA,2051.5,2856,NA,NA
"716","QEEG0012",9,1,"noncued","malevoice",2603,NA,1,2050,3569692,3566832,NA,2050,2860,NA,NA
"717","QEEG0012",9,1,"noncued","malevoice",2603,NA,1,2052.5,3569696,3566832,NA,2052.5,2864,NA,NA
"718","QEEG0012",9,1,"noncued","malevoice",2603,NA,NA,2050,3569700,3566832,NA,2050,2868,NA,NA
"719","QEEG0012",9,1,"noncued","malevoice",2603,NA,NA,2046.5,3569704,3566832,NA,2046.5,2872,NA,NA
"720","QEEG0012",9,1,"noncued","malevoice",2603,NA,NA,2049.5,3569708,3566832,NA,2049.5,2876,NA,NA
"721","QEEG0012",9,1,"noncued","malevoice",2603,NA,NA,2048.5,3569712,3566832,NA,2048.5,2880,NA,NA
"722","QEEG0012",9,1,"noncued","malevoice",2603,NA,NA,2049.5,3569716,3566832,NA,2049.5,2884,NA,NA
"723","QEEG0012",9,1,"noncued","malevoice",2603,NA,NA,2048.5,3569720,3566832,NA,2048.5,2888,NA,NA
"724","QEEG0012",9,1,"noncued","malevoice",2603,NA,NA,2047.5,3569724,3566832,NA,2047.5,2892,NA,NA
"725","QEEG0012",9,1,"noncued","malevoice",2603,NA,NA,2051,3569728,3566832,NA,2051,2896,NA,NA
"726","QEEG0012",9,1,"noncued","malevoice",2603,NA,NA,2054,3569732,3566832,NA,2054,2900,NA,NA
"727","QEEG0012",9,1,"noncued","malevoice",2603,NA,NA,2055.5,3569736,3566832,NA,2055.5,2904,NA,NA
"728","QEEG0012",9,1,"noncued","malevoice",2603,NA,NA,2056.5,3569740,3566832,NA,2056.5,2908,NA,NA
"729","QEEG0012",9,1,"noncued","malevoice",2603,NA,NA,2057,3569744,3566832,NA,2057,2912,NA,NA
"730","QEEG0012",9,1,"noncued","malevoice",2603,NA,NA,2057.5,3569748,3566832,NA,2057.5,2916,NA,NA
"731","QEEG0012",9,1,"noncued","malevoice",2603,NA,NA,2061,3569752,3566832,NA,2061,2920,NA,NA
"732","QEEG0012",9,1,"noncued","malevoice",2603,NA,NA,2061.5,3569756,3566832,NA,2061.5,2924,NA,NA
"733","QEEG0012",9,1,"noncued","malevoice",2603,NA,NA,2060,3569760,3566832,NA,2060,2928,NA,NA
"734","QEEG0012",9,1,"noncued","malevoice",2603,NA,NA,2060,3569764,3566832,NA,2060,2932,NA,NA
"735","QEEG0012",9,1,"noncued","malevoice",2603,NA,NA,2062,3569768,3566832,NA,2062,2936,NA,NA
"736","QEEG0012",9,1,"noncued","malevoice",2603,NA,NA,2062.5,3569772,3566832,NA,2062.5,2940,NA,NA
"737","QEEG0012",9,1,"noncued","malevoice",2603,NA,NA,2063.5,3569776,3566832,NA,2063.5,2944,NA,NA
"738","QEEG0012",9,1,"noncued","malevoice",2603,NA,NA,2064.5,3569780,3566832,NA,2064.5,2948,NA,NA
"739","QEEG0012",9,1,"noncued","malevoice",2603,NA,NA,2064,3569784,3566832,NA,2064,2952,NA,NA
"740","QEEG0012",9,1,"noncued","malevoice",2603,NA,NA,2061,3569788,3566832,NA,2061,2956,NA,NA
"741","QEEG0012",9,1,"noncued","malevoice",2603,NA,NA,2060.5,3569792,3566832,NA,2060.5,2960,NA,NA
"742","QEEG0012",9,1,"noncued","malevoice",2603,NA,NA,2067,3569796,3566832,NA,2067,2964,NA,NA
"743","QEEG0012",9,1,"noncued","malevoice",2603,NA,NA,2068.5,3569800,3566832,NA,2068.5,2968,NA,NA
"744","QEEG0012",9,1,"noncued","malevoice",2603,NA,NA,2065.5,3569804,3566832,NA,2065.5,2972,NA,NA
"745","QEEG0012",9,1,"noncued","malevoice",2603,NA,NA,2061.5,3569808,3566832,NA,2061.5,2976,NA,NA
"746","QEEG0012",9,1,"noncued","malevoice",2603,NA,NA,2063,3569812,3566832,NA,2063,2980,NA,NA
"747","QEEG0012",9,1,"noncued","malevoice",2603,NA,NA,2067.5,3569816,3566832,NA,2067.5,2984,NA,NA
"748","QEEG0012",9,1,"noncued","malevoice",2603,NA,NA,2068.5,3569820,3566832,NA,2068.5,2988,NA,NA
"749","QEEG0012",9,1,"noncued","malevoice",2603,NA,NA,2067,3569824,3566832,NA,2067,2992,NA,NA
"750","QEEG0012",9,1,"noncued","malevoice",2603,NA,NA,2066,3569828,3566832,NA,2066,2996,NA,NA
"751","QEEG0012",9,1,"noncued","malevoice",2603,NA,NA,2065,3569832,3566832,NA,2065,3000,NA,NA
"752","QEEG0012",9,1,"noncued","malevoice",2603,NA,NA,2066,3569836,3566832,NA,2066,3004,NA,NA
"753","QEEG0012",9,1,"noncued","malevoice",2603,NA,NA,2068,3569840,3566832,NA,2068,3008,NA,NA
"754","QEEG0012",9,1,"noncued","malevoice",2603,NA,NA,2069,3569844,3566832,NA,2069,3012,NA,NA
"755","QEEG0012",9,1,"noncued","malevoice",2603,NA,NA,2068,3569848,3566832,NA,2068,3016,NA,NA
"756","QEEG0012",9,1,"noncued","malevoice",2603,NA,NA,2069,3569852,3566832,NA,2069,3020,NA,NA
"757","QEEG0012",9,1,"noncued","malevoice",2603,NA,NA,2070,3569856,3566832,NA,2070,3024,NA,NA
"758","QEEG0012",9,1,"noncued","malevoice",2603,NA,NA,2071.5,3569860,3566832,NA,2071.5,3028,NA,NA
"759","QEEG0012",9,1,"noncued","malevoice",2603,NA,NA,2071.5,3569864,3566832,NA,2071.5,3032,NA,NA
"760","QEEG0012",9,1,"noncued","malevoice",2603,NA,NA,2069,3569868,3566832,NA,2069,3036,NA,NA
"761","QEEG0012",9,1,"noncued","malevoice",2603,NA,NA,2066.5,3569872,3566832,NA,2066.5,3040,NA,NA
"762","QEEG0012",9,1,"noncued","malevoice",2603,NA,NA,2063,3569876,3566832,NA,2063,3044,NA,NA
"763","QEEG0012",9,1,"noncued","malevoice",2603,NA,NA,2064,3569880,3566832,NA,2064,3048,NA,NA
"764","QEEG0012",9,1,"noncued","malevoice",2603,NA,NA,2066.5,3569884,3566832,NA,2066.5,3052,NA,NA
"765","QEEG0012",9,1,"noncued","malevoice",2603,NA,1,2069,3569888,3566832,NA,2069,3056,NA,NA
"766","QEEG0012",9,1,"noncued","malevoice",2603,NA,1,2072.5,3569892,3566832,NA,2072.5,3060,NA,NA
"767","QEEG0012",9,1,"noncued","malevoice",2603,NA,1,2072.5,3569896,3566832,NA,2072.5,3064,NA,NA
"768","QEEG0012",9,1,"noncued","malevoice",2603,NA,1,2073.5,3569900,3566832,NA,2073.5,3068,NA,NA
"769","QEEG0012",9,1,"noncued","malevoice",2603,NA,1,2074.5,3569904,3566832,NA,2074.5,3072,NA,NA
"770","QEEG0012",9,1,"noncued","malevoice",2603,NA,NA,2074.5,3569908,3566832,NA,2074.5,3076,NA,NA
"771","QEEG0012",9,1,"noncued","malevoice",2603,NA,NA,2074,3569912,3566832,NA,2074,3080,NA,NA
"772","QEEG0012",9,1,"noncued","malevoice",2603,NA,NA,2073,3569916,3566832,NA,2073,3084,NA,NA
"773","QEEG0012",9,1,"noncued","malevoice",2603,NA,NA,2071.5,3569920,3566832,NA,2071.5,3088,NA,NA
"774","QEEG0012",9,1,"noncued","malevoice",2603,NA,NA,2071.5,3569924,3566832,NA,2071.5,3092,NA,NA
"775","QEEG0012",9,1,"noncued","malevoice",2603,NA,NA,2073.5,3569928,3566832,NA,2073.5,3096,NA,NA
"776","QEEG0012",9,1,"noncued","malevoice",2603,NA,NA,2071.5,3569932,3566832,NA,2071.5,3100,NA,NA
"777","QEEG0012",9,1,"noncued","malevoice",2603,NA,NA,2072.5,3569936,3566832,NA,2072.5,3104,NA,NA
"778","QEEG0012",9,1,"noncued","malevoice",2603,NA,NA,2076.5,3569940,3566832,NA,2076.5,3108,NA,NA
"779","QEEG0012",9,1,"noncued","malevoice",2603,NA,NA,2075.5,3569944,3566832,NA,2075.5,3112,NA,NA
"780","QEEG0012",9,1,"noncued","malevoice",2603,NA,NA,2075.5,3569948,3566832,NA,2075.5,3116,NA,NA
"781","QEEG0012",9,1,"noncued","malevoice",2603,NA,NA,2075.5,3569952,3566832,NA,2075.5,3120,NA,NA
"782","QEEG0012",9,1,"noncued","malevoice",2603,NA,NA,2077.5,3569956,3566832,NA,2077.5,3124,NA,NA
"783","QEEG0012",9,1,"noncued","malevoice",2603,NA,NA,2080.5,3569960,3566832,NA,2080.5,3128,NA,NA
"784","QEEG0012",9,1,"noncued","malevoice",2603,NA,NA,2079,3569964,3566832,NA,2079,3132,NA,NA
"785","QEEG0012",9,1,"noncued","malevoice",2603,NA,NA,2078,3569968,3566832,NA,2078,3136,NA,NA
"786","QEEG0012",9,1,"noncued","malevoice",2603,NA,NA,2078.5,3569972,3566832,NA,2078.5,3140,NA,NA
"787","QEEG0012",9,1,"noncued","malevoice",2603,NA,NA,2077,3569976,3566832,NA,2077,3144,NA,NA
"788","QEEG0012",9,1,"noncued","malevoice",2603,NA,NA,2077,3569980,3566832,NA,2077,3148,NA,NA
"789","QEEG0012",9,1,"noncued","malevoice",2603,NA,NA,2078,3569984,3566832,NA,2078,3152,NA,NA
"790","QEEG0012",9,1,"noncued","malevoice",2603,NA,NA,2076.5,3569988,3566832,NA,2076.5,3156,NA,NA
"791","QEEG0012",9,1,"noncued","malevoice",2603,NA,NA,2075.5,3569992,3566832,NA,2075.5,3160,NA,NA
"792","QEEG0012",9,1,"noncued","malevoice",2603,NA,NA,2074,3569996,3566832,NA,2074,3164,NA,NA
"793","QEEG0012",9,1,"noncued","malevoice",2603,NA,NA,2071.5,3570000,3566832,NA,2071.5,3168,NA,NA
"794","QEEG0012",9,1,"noncued","malevoice",2603,NA,NA,2069,3570004,3566832,NA,2069,3172,NA,NA
"795","QEEG0012",9,1,"noncued","malevoice",2603,NA,NA,2071.5,3570008,3566832,NA,2071.5,3176,NA,NA
"796","QEEG0012",9,1,"noncued","malevoice",2603,NA,NA,2072.5,3570012,3566832,NA,2072.5,3180,NA,NA
"797","QEEG0012",9,1,"noncued","malevoice",2603,NA,NA,2068,3570016,3566832,NA,2068,3184,NA,NA
"798","QEEG0012",9,1,"noncued","malevoice",2603,NA,NA,2067.5,3570020,3566832,NA,2067.5,3188,NA,NA
"799","QEEG0012",9,1,"noncued","malevoice",2603,NA,NA,2067.5,3570024,3566832,NA,2067.5,3192,NA,NA
"800","QEEG0012",9,1,"noncued","malevoice",2603,NA,NA,2068,3570028,3566832,NA,2068,3196,NA,NA
"801","QEEG0012",9,1,"noncued","malevoice",2603,NA,NA,2068.5,3570032,3566832,NA,2068.5,3200,NA,NA
"802","QEEG0012",9,1,"noncued","malevoice",2603,NA,NA,2068,3570036,3566832,NA,2068,3204,NA,NA
"803","QEEG0012",9,1,"noncued","malevoice",2603,NA,NA,2068,3570040,3566832,NA,2068,3208,NA,NA
"804","QEEG0012",9,1,"noncued","malevoice",2603,NA,NA,2068.5,3570044,3566832,NA,2068.5,3212,NA,NA
"805","QEEG0012",9,1,"noncued","malevoice",2603,NA,NA,2067.5,3570048,3566832,NA,2067.5,3216,NA,NA
"806","QEEG0012",9,1,"noncued","malevoice",2603,NA,NA,2064,3570052,3566832,NA,2064,3220,NA,NA
"807","QEEG0012",9,1,"noncued","malevoice",2603,NA,NA,2062.5,3570056,3566832,NA,2062.5,3224,NA,NA
"808","QEEG0012",9,1,"noncued","malevoice",2603,NA,NA,2062,3570060,3566832,NA,2062,3228,NA,NA
"809","QEEG0012",9,1,"noncued","malevoice",2603,NA,NA,2058,3570064,3566832,NA,2058,3232,NA,NA
"810","QEEG0012",9,1,"noncued","malevoice",2603,NA,NA,2053,3570068,3566832,NA,2053,3236,NA,NA
"811","QEEG0012",9,1,"noncued","malevoice",2603,NA,NA,2055,3570072,3566832,NA,2055,3240,NA,NA
"812","QEEG0012",9,1,"noncued","malevoice",2603,NA,NA,2055,3570076,3566832,NA,2055,3244,NA,NA
"813","QEEG0012",9,1,"noncued","malevoice",2603,NA,NA,2052,3570080,3566832,NA,2052,3248,NA,NA
"814","QEEG0012",9,1,"noncued","malevoice",2603,NA,NA,2053.5,3570084,3566832,NA,2053.5,3252,NA,NA
"815","QEEG0012",9,1,"noncued","malevoice",2603,NA,NA,2055,3570088,3566832,NA,2055,3256,NA,NA
"816","QEEG0012",9,1,"noncued","malevoice",2603,NA,NA,2053.5,3570092,3566832,NA,2053.5,3260,NA,NA
"817","QEEG0012",9,1,"noncued","malevoice",2603,NA,NA,2052,3570096,3566832,NA,2052,3264,NA,NA
"818","QEEG0012",9,1,"noncued","malevoice",2603,NA,NA,2051.5,3570100,3566832,NA,2051.5,3268,NA,NA
"819","QEEG0012",9,1,"noncued","malevoice",2603,NA,NA,2051.5,3570104,3566832,NA,2051.5,3272,NA,NA
"820","QEEG0012",9,1,"noncued","malevoice",2603,NA,NA,2054,3570108,3566832,NA,2054,3276,NA,NA
"821","QEEG0012",9,1,"noncued","malevoice",2603,NA,NA,2051.5,3570112,3566832,NA,2051.5,3280,NA,NA
"822","QEEG0012",9,1,"noncued","malevoice",2603,NA,NA,2051.5,3570116,3566832,NA,2051.5,3284,NA,NA
"823","QEEG0012",9,1,"noncued","malevoice",2603,NA,NA,2052,3570120,3566832,NA,2052,3288,NA,NA
"824","QEEG0012",9,1,"noncued","malevoice",2603,NA,NA,2052.5,3570124,3566832,NA,2052.5,3292,NA,NA
"825","QEEG0012",9,1,"noncued","malevoice",2603,NA,NA,2048.5,3570128,3566832,NA,2048.5,3296,NA,NA
"826","QEEG0012",9,1,"noncued","malevoice",2603,NA,NA,2047.5,3570132,3566832,NA,2047.5,3300,NA,NA
"827","QEEG0012",9,1,"noncued","malevoice",2603,NA,NA,2052.5,3570136,3566832,NA,2052.5,3304,NA,NA
"828","QEEG0012",9,1,"noncued","malevoice",2603,NA,NA,2050,3570140,3566832,NA,2050,3308,NA,NA
"829","QEEG0012",9,1,"noncued","malevoice",2603,NA,NA,2046.5,3570144,3566832,NA,2046.5,3312,NA,NA
"830","QEEG0012",9,1,"noncued","malevoice",2603,NA,NA,2045,3570148,3566832,NA,2045,3316,NA,NA
"831","QEEG0012",9,1,"noncued","malevoice",2603,NA,NA,2042.5,3570152,3566832,NA,2042.5,3320,NA,NA
"832","QEEG0012",9,1,"noncued","malevoice",2603,NA,NA,2038.5,3570156,3566832,NA,2038.5,3324,NA,NA
"833","QEEG0012",9,1,"noncued","malevoice",2603,NA,NA,2041,3570160,3566832,NA,2041,3328,NA,NA
"834","QEEG0012",9,1,"noncued","malevoice",2603,NA,NA,2038.5,3570164,3566832,NA,2038.5,3332,NA,NA
"835","QEEG0012",9,1,"noncued","malevoice",2603,NA,1,2035.5,3570168,3566832,NA,2035.5,3336,NA,NA
"836","QEEG0012",9,1,"noncued","malevoice",2603,NA,1,2032.5,3570172,3566832,NA,2032.5,3340,NA,NA
"837","QEEG0012",9,1,"noncued","malevoice",2603,NA,1,2033.5,3570176,3566832,NA,2033.5,3344,NA,NA
"838","QEEG0012",9,1,"noncued","malevoice",2603,NA,NA,2031,3570180,3566832,NA,2031,3348,NA,NA
"839","QEEG0012",9,1,"noncued","malevoice",2603,NA,NA,2023.5,3570184,3566832,NA,2023.5,3352,NA,NA
"840","QEEG0012",9,1,"noncued","malevoice",2603,NA,NA,2024.5,3570188,3566832,NA,2024.5,3356,NA,NA
"841","QEEG0012",9,1,"noncued","malevoice",2603,NA,NA,2025,3570192,3566832,NA,2025,3360,NA,NA
"842","QEEG0012",9,1,"noncued","malevoice",2603,NA,NA,2020,3570196,3566832,NA,2020,3364,NA,NA
"843","QEEG0012",9,1,"noncued","malevoice",2603,NA,NA,2015.5,3570200,3566832,NA,2015.5,3368,NA,NA
"844","QEEG0012",9,1,"noncued","malevoice",2603,NA,NA,2009.5,3570204,3566832,NA,2009.5,3372,NA,NA
"845","QEEG0012",9,1,"noncued","malevoice",2603,NA,NA,2006.5,3570208,3566832,NA,2006.5,3376,NA,NA
"846","QEEG0012",9,1,"noncued","malevoice",2603,NA,NA,2004,3570212,3566832,NA,2004,3380,NA,NA
"847","QEEG0012",9,1,"noncued","malevoice",2603,NA,NA,1999,3570216,3566832,NA,1999,3384,NA,NA
"848","QEEG0012",9,1,"noncued","malevoice",2603,NA,1,1985,3570220,3566832,NA,1985,3388,NA,NA
"849","QEEG0012",9,1,"noncued","malevoice",2603,NA,1,1981,3570224,3566832,NA,1981,3392,NA,NA
"850","QEEG0012",9,1,"noncued","malevoice",2603,NA,NA,1971.5,3570228,3566832,NA,1971.5,3396,NA,NA
"851","QEEG0012",9,1,"noncued","malevoice",2603,NA,NA,1963,3570232,3566832,NA,1963,3400,NA,NA
"852","QEEG0012",9,1,"noncued","malevoice",2603,NA,NA,1958,3570236,3566832,NA,1958,3404,NA,NA
"853","QEEG0012",9,1,"noncued","malevoice",2603,NA,NA,1951.5,3570240,3566832,NA,1951.5,3408,NA,NA
"854","QEEG0012",9,1,"noncued","malevoice",2603,NA,NA,1950.5,3570244,3566832,NA,1950.5,3412,NA,NA
"855","QEEG0012",9,1,"noncued","malevoice",2603,NA,NA,1946.5,3570248,3566832,NA,1946.5,3416,NA,NA
"856","QEEG0012",9,1,"noncued","malevoice",2603,NA,NA,1936.5,3570252,3566832,NA,1936.5,3420,NA,NA
"857","QEEG0012",9,1,"noncued","malevoice",2603,NA,NA,1932,3570256,3566832,NA,1932,3424,NA,NA
"858","QEEG0012",9,1,"noncued","malevoice",2603,NA,NA,1927,3570260,3566832,NA,1927,3428,NA,NA
"859","QEEG0012",9,1,"noncued","malevoice",2603,NA,NA,1921,3570264,3566832,NA,1921,3432,NA,NA
"860","QEEG0012",9,1,"noncued","malevoice",2603,NA,NA,1919,3570268,3566832,NA,1919,3436,NA,NA
"861","QEEG0012",9,1,"noncued","malevoice",2603,NA,NA,1914,3570272,3566832,NA,1914,3440,NA,NA
"862","QEEG0012",9,1,"noncued","malevoice",2603,NA,NA,1912.5,3570276,3566832,NA,1912.5,3444,NA,NA
"863","QEEG0012",9,1,"noncued","malevoice",2603,NA,NA,1906.5,3570280,3566832,NA,1906.5,3448,NA,NA
"864","QEEG0012",9,1,"noncued","malevoice",2603,NA,NA,1901.5,3570284,3566832,NA,1901.5,3452,NA,NA
"865","QEEG0012",9,1,"noncued","malevoice",2603,NA,NA,1900,3570288,3566832,NA,1900,3456,NA,NA
"866","QEEG0012",9,1,"noncued","malevoice",2603,NA,NA,1896,3570292,3566832,NA,1896,3460,NA,NA
"867","QEEG0012",9,1,"noncued","malevoice",2603,NA,NA,1891,3570296,3566832,NA,1891,3464,NA,NA
"868","QEEG0012",9,1,"noncued","malevoice",2603,NA,NA,1886.5,3570300,3566832,NA,1886.5,3468,NA,NA
"869","QEEG0012",9,1,"noncued","malevoice",2603,NA,NA,1883.5,3570304,3566832,NA,1883.5,3472,NA,NA
"870","QEEG0012",9,1,"noncued","malevoice",2603,NA,NA,1872.5,3570308,3566832,NA,1872.5,3476,NA,NA
"871","QEEG0012",9,1,"noncued","malevoice",2603,NA,NA,1862.5,3570312,3566832,NA,1862.5,3480,NA,NA
"872","QEEG0012",9,1,"noncued","malevoice",2603,NA,NA,1860.5,3570316,3566832,NA,1860.5,3484,NA,NA
"873","QEEG0012",9,1,"noncued","malevoice",2603,NA,NA,1853,3570320,3566832,NA,1853,3488,NA,NA
"874","QEEG0012",9,1,"noncued","malevoice",2603,NA,NA,1850.5,3570324,3566832,NA,1850.5,3492,NA,NA
"875","QEEG0012",9,1,"noncued","malevoice",2603,NA,NA,1850.5,3570328,3566832,NA,1850.5,3496,NA,NA
"876","QEEG0012",9,1,"noncued","malevoice",2603,NA,NA,1850,3570332,3566832,NA,1850,3500,NA,NA
